Terminals unused in grammar

    tREM


State 84 conflicts: 1 shift/reduce
State 85 conflicts: 1 shift/reduce
State 104 conflicts: 1 shift/reduce
State 108 conflicts: 1 shift/reduce
State 179 conflicts: 1 shift/reduce
State 230 conflicts: 2 shift/reduce
State 302 conflicts: 1 shift/reduce


Grammar

    0 $accept: Program $end

    1 Program: OptionExplicit_opt SourceElements
    2        | tEXPRESSION ExpressionNl_opt

    3 OptionExplicit_opt: ε
    4                   | tOPTION tEXPLICIT StSep

    5 SourceElements: ε
    6               | SourceElements GlobalDimDeclaration StSep
    7               | SourceElements StatementNl
    8               | SourceElements ClassDeclaration

    9 GlobalDimDeclaration: tPRIVATE tCONST ConstDeclList
   10                     | tPUBLIC tCONST ConstDeclList
   11                     | tPRIVATE DimDeclList
   12                     | tPUBLIC DimDeclList

   13 ExpressionNl_opt: ε
   14                 | Expression tNL

   15 BodyStatements: ε
   16               | Statement
   17               | StatementNl BodyStatements

   18 StatementsNl_opt: ε
   19                 | StatementsNl

   20 StatementsNl: SimpleStatement StSep
   21             | SimpleStatement StSep StatementsNl

   22 StatementNl: Statement tNL

   23 Statement: ':'
   24          | ':' Statement
   25          | SimpleStatement
   26          | SimpleStatement ':' Statement
   27          | SimpleStatement ':'

   28 SimpleStatement: CallExpression ArgumentList_opt
   29                | tCALL UnaryExpression
   30                | CallExpression '=' Expression
   31                | tDIM DimDeclList
   32                | tREDIM Preserve_opt ReDimDeclList
   33                | IfStatement
   34                | tWHILE Expression StSep StatementsNl_opt tWEND
   35                | tDO DoType Expression StSep StatementsNl_opt tLOOP
   36                | tDO StSep StatementsNl_opt tLOOP DoType Expression
   37                | tDO StSep StatementsNl_opt tLOOP
   38                | FunctionDecl
   39                | tEXIT tDO
   40                | tEXIT tFOR
   41                | tEXIT tFUNCTION
   42                | tEXIT tPROPERTY
   43                | tEXIT tSUB
   44                | tSET CallExpression '=' Expression
   45                | tSTOP
   46                | tON tERROR tRESUME tNEXT
   47                | tON tERROR tGOTO '0'
   48                | tCONST ConstDeclList
   49                | tFOR Identifier '=' Expression tTO Expression Step_opt StSep StatementsNl_opt tNEXT
   50                | tFOR tEACH Identifier tIN Expression StSep StatementsNl_opt tNEXT
   51                | tSELECT tCASE Expression StSep CaseClausules tEND tSELECT
   52                | tWITH Expression StSep StatementsNl_opt tEND tWITH

   53 MemberExpression: Identifier
   54                 | CallExpression '.' tIdentifier
   55                 | tDOT tIdentifier

   56 Preserve_opt: ε
   57             | tPRESERVE

   58 MemberDeclList: MemberDecl
   59               | MemberDecl ',' MemberDeclList

   60 MemberDecl: MemberIdentifier
   61           | MemberIdentifier '(' DimList ')'
   62           | MemberIdentifier tEMPTYBRACKETS

   63 ReDimDecl: tIdentifier '(' ArgumentList ')'

   64 ReDimDeclList: ReDimDecl
   65              | ReDimDecl ',' ReDimDeclList

   66 DimDeclList: DimDecl
   67            | DimDecl ',' DimDeclList

   68 DimDecl: Identifier
   69        | Identifier '(' DimList ')'
   70        | Identifier tEMPTYBRACKETS

   71 DimList: IntegerValue
   72        | IntegerValue ',' DimList

   73 ConstDeclList: ConstDecl
   74              | ConstDecl ',' ConstDeclList

   75 ConstDecl: Identifier '=' ConstExpression

   76 ConstExpression: LiteralExpression
   77                | '-' NumericLiteralExpression

   78 DoType: tWHILE
   79       | tUNTIL

   80 Step_opt: ε
   81         | tSTEP Expression

   82 IfStatement: tIF Expression tTHEN tNL StatementsNl_opt ElseIfs_opt Else_opt tEND tIF
   83            | tIF Expression tTHEN Statement EndIf_opt
   84            | tIF Expression tTHEN Statement tELSE Statement EndIf_opt

   85 EndIf_opt: ε
   86          | tEND tIF

   87 ElseIfs_opt: ε
   88            | ElseIfs

   89 ElseIfs: ElseIf
   90        | ElseIf ElseIfs

   91 ElseIf: tELSEIF Expression tTHEN StSep_opt StatementsNl_opt

   92 Else_opt: ε
   93         | tELSE StSep_opt StatementsNl_opt

   94 CaseClausules: ε
   95              | tCASE tELSE StSep_opt StatementsNl_opt
   96              | tCASE ExpressionList StSep_opt StatementsNl_opt CaseClausules

   97 Arguments: tEMPTYBRACKETS
   98          | '(' ArgumentList ')'

   99 ArgumentList_opt: ε
  100                 | ArgumentList

  101 ArgumentList: Expression
  102             | Expression ',' ArgumentList
  103             | ',' ArgumentList

  104 EmptyBrackets_opt: ε
  105                  | tEMPTYBRACKETS

  106 ExpressionList: Expression
  107               | Expression ',' ExpressionList

  108 Expression: EqvExpression
  109           | Expression tIMP EqvExpression

  110 EqvExpression: XorExpression
  111              | EqvExpression tEQV XorExpression

  112 XorExpression: OrExpression
  113              | XorExpression tXOR OrExpression

  114 OrExpression: AndExpression
  115             | OrExpression tOR AndExpression

  116 AndExpression: NotExpression
  117              | AndExpression tAND NotExpression

  118 NotExpression: EqualityExpression
  119              | tNOT NotExpression

  120 EqualityExpression: ConcatExpression
  121                   | EqualityExpression '=' ConcatExpression
  122                   | EqualityExpression tNEQ ConcatExpression
  123                   | EqualityExpression '>' ConcatExpression
  124                   | EqualityExpression '<' ConcatExpression
  125                   | EqualityExpression tGTEQ ConcatExpression
  126                   | EqualityExpression tLTEQ ConcatExpression
  127                   | EqualityExpression tIS ConcatExpression

  128 ConcatExpression: AdditiveExpression
  129                 | ConcatExpression '&' AdditiveExpression

  130 AdditiveExpression: ModExpression
  131                   | AdditiveExpression '+' ModExpression
  132                   | AdditiveExpression '-' ModExpression

  133 ModExpression: IntdivExpression
  134              | ModExpression tMOD IntdivExpression

  135 IntdivExpression: MultiplicativeExpression
  136                 | IntdivExpression '\\' MultiplicativeExpression

  137 MultiplicativeExpression: ExpExpression
  138                         | MultiplicativeExpression '*' ExpExpression
  139                         | MultiplicativeExpression '/' ExpExpression

  140 ExpExpression: SignExpression
  141              | ExpExpression '^' SignExpression

  142 SignExpression: UnaryExpression
  143               | '-' SignExpression
  144               | '+' SignExpression

  145 UnaryExpression: LiteralExpression
  146                | CallExpression
  147                | tNEW Identifier

  148 CallExpression: PrimaryExpression
  149               | MemberExpression
  150               | CallExpression Arguments

  151 LiteralExpression: tTRUE
  152                  | tFALSE
  153                  | tString
  154                  | tDate
  155                  | NumericLiteralExpression
  156                  | tEMPTY
  157                  | tNULL
  158                  | tNOTHING

  159 NumericLiteralExpression: '0'
  160                         | tInt
  161                         | tDouble

  162 IntegerValue: '0'
  163             | tInt

  164 PrimaryExpression: tEXPRLBRACKET Expression ')'
  165                  | tME

  166 ClassDeclaration: tCLASS Identifier StSep ClassBody tEND tCLASS StSep

  167 ClassBody: ε
  168          | FunctionDecl
  169          | FunctionDecl StSep ClassBody
  170          | Storage MemberDeclList
  171          | Storage MemberDeclList StSep ClassBody
  172          | tDIM DimDeclList
  173          | tDIM DimDeclList StSep ClassBody
  174          | PropertyDecl
  175          | PropertyDecl StSep ClassBody

  176 PropertyDecl: Storage_opt tPROPERTY tGET Identifier ArgumentsDecl_opt StSep BodyStatements tEND tPROPERTY
  177             | Storage_opt tPROPERTY tLET Identifier '(' ArgumentDeclList ')' StSep BodyStatements tEND tPROPERTY
  178             | Storage_opt tPROPERTY tSET Identifier '(' ArgumentDeclList ')' StSep BodyStatements tEND tPROPERTY

  179 FunctionDecl: Storage_opt tSUB Identifier StSep BodyStatements tEND tSUB
  180             | Storage_opt tSUB Identifier ArgumentsDecl Nl_opt BodyStatements tEND tSUB
  181             | Storage_opt tFUNCTION Identifier StSep BodyStatements tEND tFUNCTION
  182             | Storage_opt tFUNCTION Identifier ArgumentsDecl Nl_opt BodyStatements tEND tFUNCTION

  183 Storage_opt: ε
  184            | Storage

  185 Storage: tPUBLIC tDEFAULT
  186        | tPUBLIC
  187        | tPRIVATE

  188 ArgumentsDecl_opt: ε
  189                  | ArgumentsDecl

  190 ArgumentsDecl: tEMPTYBRACKETS
  191              | '(' ArgumentDeclList ')'

  192 ArgumentDeclList: ArgumentDecl
  193                 | ArgumentDecl ',' ArgumentDeclList

  194 ArgumentDecl: Identifier EmptyBrackets_opt
  195             | tBYREF Identifier EmptyBrackets_opt
  196             | tBYVAL Identifier EmptyBrackets_opt

  197 MemberIdentifier: tIdentifier
  198                 | tERROR
  199                 | tEXPLICIT
  200                 | tSTEP

  201 Identifier: tIdentifier
  202           | tDEFAULT
  203           | tERROR
  204           | tEXPLICIT
  205           | tPROPERTY
  206           | tSTEP

  207 StSep_opt: ε
  208          | StSep

  209 Nl_opt: ε
  210       | tNL Nl_opt

  211 StSep: tNL
  212      | ':'
  213      | tNL StSep
  214      | ':' StSep


Terminals, with rules where they appear

    $end (0) 0
    '&' (38) 129
    '(' (40) 61 63 69 98 177 178 191
    ')' (41) 61 63 69 98 164 177 178 191
    '*' (42) 138
    '+' (43) 131 144
    ',' (44) 59 65 67 72 74 102 103 107 193
    '-' (45) 77 132 143
    '.' (46) 54
    '/' (47) 139
    '0' (48) 47 159 162
    ':' (58) 23 24 26 27 212 214
    '<' (60) 124
    '=' (61) 30 44 49 75 121
    '>' (62) 123
    '\\' (92) 136
    '^' (94) 141
    error (256)
    tEXPRESSION (258) 2
    tNL (259) 14 22 82 210 211 213
    tEMPTYBRACKETS (260) 62 70 97 105 190
    tEXPRLBRACKET (261) 164
    tLTEQ (262) 126
    tGTEQ (263) 125
    tNEQ (264) 122
    tSTOP (265) 45
    tME (266) 165
    tREM (267)
    tDOT (268) 55
    tTRUE <string> (269) 151
    tFALSE <string> (270) 152
    tNOT <string> (271) 119
    tAND <string> (272) 117
    tOR <string> (273) 115
    tXOR <string> (274) 113
    tEQV <string> (275) 111
    tIMP <string> (276) 109
    tIS <string> (277) 127
    tMOD <string> (278) 134
    tCALL <string> (279) 29
    tSUB <string> (280) 43 179 180
    tFUNCTION <string> (281) 41 181 182
    tGET <string> (282) 176
    tLET <string> (283) 177
    tCONST <string> (284) 9 10 48
    tDIM <string> (285) 31 172 173
    tREDIM <string> (286) 32
    tPRESERVE <string> (287) 57
    tIF <string> (288) 82 83 84 86
    tELSE <string> (289) 84 93 95
    tELSEIF <string> (290) 91
    tEND <string> (291) 51 52 82 86 166 176 177 178 179 180 181 182
    tTHEN <string> (292) 82 83 84 91
    tEXIT <string> (293) 39 40 41 42 43
    tWHILE <string> (294) 34 78
    tWEND <string> (295) 34
    tDO <string> (296) 35 36 37 39
    tLOOP <string> (297) 35 36 37
    tUNTIL <string> (298) 79
    tFOR <string> (299) 40 49 50
    tTO <string> (300) 49
    tEACH <string> (301) 50
    tIN <string> (302) 50
    tSELECT <string> (303) 51
    tCASE <string> (304) 51 95 96
    tWITH <string> (305) 52
    tBYREF <string> (306) 195
    tBYVAL <string> (307) 196
    tOPTION <string> (308) 4
    tNOTHING <string> (309) 158
    tEMPTY <string> (310) 156
    tNULL <string> (311) 157
    tCLASS <string> (312) 166
    tSET <string> (313) 44 178
    tNEW <string> (314) 147
    tPUBLIC <string> (315) 10 12 185 186
    tPRIVATE <string> (316) 9 11 187
    tNEXT <string> (317) 46 49 50
    tON <string> (318) 46 47
    tRESUME <string> (319) 46
    tGOTO <string> (320) 47
    tIdentifier <string> (321) 54 55 63 197 201
    tString <string> (322) 153
    tDEFAULT <string> (323) 185 202
    tERROR <string> (324) 46 47 198 203
    tEXPLICIT <string> (325) 4 199 204
    tPROPERTY <string> (326) 42 176 177 178 205
    tSTEP <string> (327) 81 200 206
    tInt <integer> (328) 160 163
    tDouble <dbl> (329) 161
    tDate <date> (330) 154


Nonterminals, with rules where they appear

    $accept (92)
        on left: 0
    Program (93)
        on left: 1 2
        on right: 0
    OptionExplicit_opt (94)
        on left: 3 4
        on right: 1
    SourceElements (95)
        on left: 5 6 7 8
        on right: 1 6 7 8
    GlobalDimDeclaration <statement> (96)
        on left: 9 10 11 12
        on right: 6
    ExpressionNl_opt <expression> (97)
        on left: 13 14
        on right: 2
    BodyStatements <statement> (98)
        on left: 15 16 17
        on right: 17 176 177 178 179 180 181 182
    StatementsNl_opt <statement> (99)
        on left: 18 19
        on right: 34 35 36 37 49 50 52 82 91 93 95 96
    StatementsNl <statement> (100)
        on left: 20 21
        on right: 19 21
    StatementNl <statement> (101)
        on left: 22
        on right: 7 17
    Statement <statement> (102)
        on left: 23 24 25 26 27
        on right: 16 22 24 26 83 84
    SimpleStatement <statement> (103)
        on left: 28 29 30 31 32 33 34 35 36 37 38 39 40 41 42 43 44 45 46 47 48 49 50 51 52
        on right: 20 21 25 26 27
    MemberExpression <member> (104)
        on left: 53 54 55
        on right: 149
    Preserve_opt <boolean> (105)
        on left: 56 57
        on right: 32
    MemberDeclList <dim_decl> (106)
        on left: 58 59
        on right: 59 170 171
    MemberDecl <dim_decl> (107)
        on left: 60 61 62
        on right: 58 59
    ReDimDecl <redim_decl> (108)
        on left: 63
        on right: 64 65
    ReDimDeclList <redim_decl> (109)
        on left: 64 65
        on right: 32 65
    DimDeclList <dim_decl> (110)
        on left: 66 67
        on right: 11 12 31 67 172 173
    DimDecl <dim_decl> (111)
        on left: 68 69 70
        on right: 66 67
    DimList <dim_list> (112)
        on left: 71 72
        on right: 61 69 72
    ConstDeclList <const_decl> (113)
        on left: 73 74
        on right: 9 10 48 74
    ConstDecl <const_decl> (114)
        on left: 75
        on right: 73 74
    ConstExpression <expression> (115)
        on left: 76 77
        on right: 75
    DoType <boolean> (116)
        on left: 78 79
        on right: 35 36
    Step_opt <expression> (117)
        on left: 80 81
        on right: 49
    IfStatement <statement> (118)
        on left: 82 83 84
        on right: 33
    EndIf_opt (119)
        on left: 85 86
        on right: 83 84
    ElseIfs_opt <elseif> (120)
        on left: 87 88
        on right: 82
    ElseIfs <elseif> (121)
        on left: 89 90
        on right: 88 90
    ElseIf <elseif> (122)
        on left: 91
        on right: 89 90
    Else_opt <statement> (123)
        on left: 92 93
        on right: 82
    CaseClausules <case_clausule> (124)
        on left: 94 95 96
        on right: 51 96
    Arguments <expression> (125)
        on left: 97 98
        on right: 150
    ArgumentList_opt <expression> (126)
        on left: 99 100
        on right: 28
    ArgumentList <expression> (127)
        on left: 101 102 103
        on right: 63 98 100 102 103
    EmptyBrackets_opt (128)
        on left: 104 105
        on right: 194 195 196
    ExpressionList <expression> (129)
        on left: 106 107
        on right: 96 107
    Expression <expression> (130)
        on left: 108 109
        on right: 14 30 34 35 36 44 49 50 51 52 81 82 83 84 91 101 102 106 107 109 164
    EqvExpression <expression> (131)
        on left: 110 111
        on right: 108 109 111
    XorExpression <expression> (132)
        on left: 112 113
        on right: 110 111 113
    OrExpression <expression> (133)
        on left: 114 115
        on right: 112 113 115
    AndExpression <expression> (134)
        on left: 116 117
        on right: 114 115 117
    NotExpression <expression> (135)
        on left: 118 119
        on right: 116 117 119
    EqualityExpression <expression> (136)
        on left: 120 121 122 123 124 125 126 127
        on right: 118 121 122 123 124 125 126 127
    ConcatExpression <expression> (137)
        on left: 128 129
        on right: 120 121 122 123 124 125 126 127 129
    AdditiveExpression <expression> (138)
        on left: 130 131 132
        on right: 128 129 131 132
    ModExpression <expression> (139)
        on left: 133 134
        on right: 130 131 132 134
    IntdivExpression <expression> (140)
        on left: 135 136
        on right: 133 134 136
    MultiplicativeExpression <expression> (141)
        on left: 137 138 139
        on right: 135 136 138 139
    ExpExpression <expression> (142)
        on left: 140 141
        on right: 137 138 139 141
    SignExpression <expression> (143)
        on left: 142 143 144
        on right: 140 141 143 144
    UnaryExpression <expression> (144)
        on left: 145 146 147
        on right: 29 142
    CallExpression <expression> (145)
        on left: 148 149 150
        on right: 28 30 44 54 146 150
    LiteralExpression <expression> (146)
        on left: 151 152 153 154 155 156 157 158
        on right: 76 145
    NumericLiteralExpression <expression> (147)
        on left: 159 160 161
        on right: 77 155
    IntegerValue <uint> (148)
        on left: 162 163
        on right: 71 72
    PrimaryExpression <expression> (149)
        on left: 164 165
        on right: 148
    ClassDeclaration <class_decl> (150)
        on left: 166
        on right: 8
    ClassBody <class_decl> (151)
        on left: 167 168 169 170 171 172 173 174 175
        on right: 166 169 171 173 175
    PropertyDecl <func_decl> (152)
        on left: 176 177 178
        on right: 174 175
    FunctionDecl <func_decl> (153)
        on left: 179 180 181 182
        on right: 38 168 169
    Storage_opt <uint> (154)
        on left: 183 184
        on right: 176 177 178 179 180 181 182
    Storage <uint> (155)
        on left: 185 186 187
        on right: 170 171 184
    ArgumentsDecl_opt <arg_decl> (156)
        on left: 188 189
        on right: 176
    ArgumentsDecl <arg_decl> (157)
        on left: 190 191
        on right: 180 182 189
    ArgumentDeclList <arg_decl> (158)
        on left: 192 193
        on right: 177 178 191 193
    ArgumentDecl <arg_decl> (159)
        on left: 194 195 196
        on right: 192 193
    MemberIdentifier <string> (160)
        on left: 197 198 199 200
        on right: 60 61 62
    Identifier <string> (161)
        on left: 201 202 203 204 205 206
        on right: 49 50 53 68 69 70 75 147 166 176 177 178 179 180 181 182 194 195 196
    StSep_opt (162)
        on left: 207 208
        on right: 91 93 95 96
    Nl_opt (163)
        on left: 209 210
        on right: 180 182 210
    StSep (164)
        on left: 211 212 213 214
        on right: 4 6 20 21 34 35 36 37 49 50 51 52 166 169 171 173 175 176 177 178 179 181 208 213 214


State 0

    0 $accept: • Program $end

    tEXPRESSION  shift, and go to state 1
    tOPTION      shift, and go to state 2

    $default  reduce using rule 3 (OptionExplicit_opt)

    Program             go to state 3
    OptionExplicit_opt  go to state 4


State 1

    2 Program: tEXPRESSION • ExpressionNl_opt

    tEXPRLBRACKET  shift, and go to state 5
    tME            shift, and go to state 6
    tDOT           shift, and go to state 7
    tTRUE          shift, and go to state 8
    tFALSE         shift, and go to state 9
    tNOT           shift, and go to state 10
    tNOTHING       shift, and go to state 11
    tEMPTY         shift, and go to state 12
    tNULL          shift, and go to state 13
    tNEW           shift, and go to state 14
    tIdentifier    shift, and go to state 15
    tString        shift, and go to state 16
    tDEFAULT       shift, and go to state 17
    tERROR         shift, and go to state 18
    tEXPLICIT      shift, and go to state 19
    tPROPERTY      shift, and go to state 20
    tSTEP          shift, and go to state 21
    tInt           shift, and go to state 22
    tDouble        shift, and go to state 23
    tDate          shift, and go to state 24
    '0'            shift, and go to state 25
    '-'            shift, and go to state 26
    '+'            shift, and go to state 27

    $default  reduce using rule 13 (ExpressionNl_opt)

    ExpressionNl_opt          go to state 28
    MemberExpression          go to state 29
    Expression                go to state 30
    EqvExpression             go to state 31
    XorExpression             go to state 32
    OrExpression              go to state 33
    AndExpression             go to state 34
    NotExpression             go to state 35
    EqualityExpression        go to state 36
    ConcatExpression          go to state 37
    AdditiveExpression        go to state 38
    ModExpression             go to state 39
    IntdivExpression          go to state 40
    MultiplicativeExpression  go to state 41
    ExpExpression             go to state 42
    SignExpression            go to state 43
    UnaryExpression           go to state 44
    CallExpression            go to state 45
    LiteralExpression         go to state 46
    NumericLiteralExpression  go to state 47
    PrimaryExpression         go to state 48
    Identifier                go to state 49


State 2

    4 OptionExplicit_opt: tOPTION • tEXPLICIT StSep

    tEXPLICIT  shift, and go to state 50


State 3

    0 $accept: Program • $end

    $end  shift, and go to state 51


State 4

    1 Program: OptionExplicit_opt • SourceElements

    $default  reduce using rule 5 (SourceElements)

    SourceElements  go to state 52


State 5

  164 PrimaryExpression: tEXPRLBRACKET • Expression ')'

    tEXPRLBRACKET  shift, and go to state 5
    tME            shift, and go to state 6
    tDOT           shift, and go to state 7
    tTRUE          shift, and go to state 8
    tFALSE         shift, and go to state 9
    tNOT           shift, and go to state 10
    tNOTHING       shift, and go to state 11
    tEMPTY         shift, and go to state 12
    tNULL          shift, and go to state 13
    tNEW           shift, and go to state 14
    tIdentifier    shift, and go to state 15
    tString        shift, and go to state 16
    tDEFAULT       shift, and go to state 17
    tERROR         shift, and go to state 18
    tEXPLICIT      shift, and go to state 19
    tPROPERTY      shift, and go to state 20
    tSTEP          shift, and go to state 21
    tInt           shift, and go to state 22
    tDouble        shift, and go to state 23
    tDate          shift, and go to state 24
    '0'            shift, and go to state 25
    '-'            shift, and go to state 26
    '+'            shift, and go to state 27

    MemberExpression          go to state 29
    Expression                go to state 53
    EqvExpression             go to state 31
    XorExpression             go to state 32
    OrExpression              go to state 33
    AndExpression             go to state 34
    NotExpression             go to state 35
    EqualityExpression        go to state 36
    ConcatExpression          go to state 37
    AdditiveExpression        go to state 38
    ModExpression             go to state 39
    IntdivExpression          go to state 40
    MultiplicativeExpression  go to state 41
    ExpExpression             go to state 42
    SignExpression            go to state 43
    UnaryExpression           go to state 44
    CallExpression            go to state 45
    LiteralExpression         go to state 46
    NumericLiteralExpression  go to state 47
    PrimaryExpression         go to state 48
    Identifier                go to state 49


State 6

  165 PrimaryExpression: tME •

    $default  reduce using rule 165 (PrimaryExpression)


State 7

   55 MemberExpression: tDOT • tIdentifier

    tIdentifier  shift, and go to state 54


State 8

  151 LiteralExpression: tTRUE •

    $default  reduce using rule 151 (LiteralExpression)


State 9

  152 LiteralExpression: tFALSE •

    $default  reduce using rule 152 (LiteralExpression)


State 10

  119 NotExpression: tNOT • NotExpression

    tEXPRLBRACKET  shift, and go to state 5
    tME            shift, and go to state 6
    tDOT           shift, and go to state 7
    tTRUE          shift, and go to state 8
    tFALSE         shift, and go to state 9
    tNOT           shift, and go to state 10
    tNOTHING       shift, and go to state 11
    tEMPTY         shift, and go to state 12
    tNULL          shift, and go to state 13
    tNEW           shift, and go to state 14
    tIdentifier    shift, and go to state 15
    tString        shift, and go to state 16
    tDEFAULT       shift, and go to state 17
    tERROR         shift, and go to state 18
    tEXPLICIT      shift, and go to state 19
    tPROPERTY      shift, and go to state 20
    tSTEP          shift, and go to state 21
    tInt           shift, and go to state 22
    tDouble        shift, and go to state 23
    tDate          shift, and go to state 24
    '0'            shift, and go to state 25
    '-'            shift, and go to state 26
    '+'            shift, and go to state 27

    MemberExpression          go to state 29
    NotExpression             go to state 55
    EqualityExpression        go to state 36
    ConcatExpression          go to state 37
    AdditiveExpression        go to state 38
    ModExpression             go to state 39
    IntdivExpression          go to state 40
    MultiplicativeExpression  go to state 41
    ExpExpression             go to state 42
    SignExpression            go to state 43
    UnaryExpression           go to state 44
    CallExpression            go to state 45
    LiteralExpression         go to state 46
    NumericLiteralExpression  go to state 47
    PrimaryExpression         go to state 48
    Identifier                go to state 49


State 11

  158 LiteralExpression: tNOTHING •

    $default  reduce using rule 158 (LiteralExpression)


State 12

  156 LiteralExpression: tEMPTY •

    $default  reduce using rule 156 (LiteralExpression)


State 13

  157 LiteralExpression: tNULL •

    $default  reduce using rule 157 (LiteralExpression)


State 14

  147 UnaryExpression: tNEW • Identifier

    tIdentifier  shift, and go to state 15
    tDEFAULT     shift, and go to state 17
    tERROR       shift, and go to state 18
    tEXPLICIT    shift, and go to state 19
    tPROPERTY    shift, and go to state 20
    tSTEP        shift, and go to state 21

    Identifier  go to state 56


State 15

  201 Identifier: tIdentifier •

    $default  reduce using rule 201 (Identifier)


State 16

  153 LiteralExpression: tString •

    $default  reduce using rule 153 (LiteralExpression)


State 17

  202 Identifier: tDEFAULT •

    $default  reduce using rule 202 (Identifier)


State 18

  203 Identifier: tERROR •

    $default  reduce using rule 203 (Identifier)


State 19

  204 Identifier: tEXPLICIT •

    $default  reduce using rule 204 (Identifier)


State 20

  205 Identifier: tPROPERTY •

    $default  reduce using rule 205 (Identifier)


State 21

  206 Identifier: tSTEP •

    $default  reduce using rule 206 (Identifier)


State 22

  160 NumericLiteralExpression: tInt •

    $default  reduce using rule 160 (NumericLiteralExpression)


State 23

  161 NumericLiteralExpression: tDouble •

    $default  reduce using rule 161 (NumericLiteralExpression)


State 24

  154 LiteralExpression: tDate •

    $default  reduce using rule 154 (LiteralExpression)


State 25

  159 NumericLiteralExpression: '0' •

    $default  reduce using rule 159 (NumericLiteralExpression)


State 26

  143 SignExpression: '-' • SignExpression

    tEXPRLBRACKET  shift, and go to state 5
    tME            shift, and go to state 6
    tDOT           shift, and go to state 7
    tTRUE          shift, and go to state 8
    tFALSE         shift, and go to state 9
    tNOTHING       shift, and go to state 11
    tEMPTY         shift, and go to state 12
    tNULL          shift, and go to state 13
    tNEW           shift, and go to state 14
    tIdentifier    shift, and go to state 15
    tString        shift, and go to state 16
    tDEFAULT       shift, and go to state 17
    tERROR         shift, and go to state 18
    tEXPLICIT      shift, and go to state 19
    tPROPERTY      shift, and go to state 20
    tSTEP          shift, and go to state 21
    tInt           shift, and go to state 22
    tDouble        shift, and go to state 23
    tDate          shift, and go to state 24
    '0'            shift, and go to state 25
    '-'            shift, and go to state 26
    '+'            shift, and go to state 27

    MemberExpression          go to state 29
    SignExpression            go to state 57
    UnaryExpression           go to state 44
    CallExpression            go to state 45
    LiteralExpression         go to state 46
    NumericLiteralExpression  go to state 47
    PrimaryExpression         go to state 48
    Identifier                go to state 49


State 27

  144 SignExpression: '+' • SignExpression

    tEXPRLBRACKET  shift, and go to state 5
    tME            shift, and go to state 6
    tDOT           shift, and go to state 7
    tTRUE          shift, and go to state 8
    tFALSE         shift, and go to state 9
    tNOTHING       shift, and go to state 11
    tEMPTY         shift, and go to state 12
    tNULL          shift, and go to state 13
    tNEW           shift, and go to state 14
    tIdentifier    shift, and go to state 15
    tString        shift, and go to state 16
    tDEFAULT       shift, and go to state 17
    tERROR         shift, and go to state 18
    tEXPLICIT      shift, and go to state 19
    tPROPERTY      shift, and go to state 20
    tSTEP          shift, and go to state 21
    tInt           shift, and go to state 22
    tDouble        shift, and go to state 23
    tDate          shift, and go to state 24
    '0'            shift, and go to state 25
    '-'            shift, and go to state 26
    '+'            shift, and go to state 27

    MemberExpression          go to state 29
    SignExpression            go to state 58
    UnaryExpression           go to state 44
    CallExpression            go to state 45
    LiteralExpression         go to state 46
    NumericLiteralExpression  go to state 47
    PrimaryExpression         go to state 48
    Identifier                go to state 49


State 28

    2 Program: tEXPRESSION ExpressionNl_opt •

    $default  reduce using rule 2 (Program)


State 29

  149 CallExpression: MemberExpression •

    $default  reduce using rule 149 (CallExpression)


State 30

   14 ExpressionNl_opt: Expression • tNL
  109 Expression: Expression • tIMP EqvExpression

    tNL   shift, and go to state 59
    tIMP  shift, and go to state 60


State 31

  108 Expression: EqvExpression •
  111 EqvExpression: EqvExpression • tEQV XorExpression

    tEQV  shift, and go to state 61

    $default  reduce using rule 108 (Expression)


State 32

  110 EqvExpression: XorExpression •
  113 XorExpression: XorExpression • tXOR OrExpression

    tXOR  shift, and go to state 62

    $default  reduce using rule 110 (EqvExpression)


State 33

  112 XorExpression: OrExpression •
  115 OrExpression: OrExpression • tOR AndExpression

    tOR  shift, and go to state 63

    $default  reduce using rule 112 (XorExpression)


State 34

  114 OrExpression: AndExpression •
  117 AndExpression: AndExpression • tAND NotExpression

    tAND  shift, and go to state 64

    $default  reduce using rule 114 (OrExpression)


State 35

  116 AndExpression: NotExpression •

    $default  reduce using rule 116 (AndExpression)


State 36

  118 NotExpression: EqualityExpression •
  121 EqualityExpression: EqualityExpression • '=' ConcatExpression
  122                   | EqualityExpression • tNEQ ConcatExpression
  123                   | EqualityExpression • '>' ConcatExpression
  124                   | EqualityExpression • '<' ConcatExpression
  125                   | EqualityExpression • tGTEQ ConcatExpression
  126                   | EqualityExpression • tLTEQ ConcatExpression
  127                   | EqualityExpression • tIS ConcatExpression

    tLTEQ  shift, and go to state 65
    tGTEQ  shift, and go to state 66
    tNEQ   shift, and go to state 67
    tIS    shift, and go to state 68
    '='    shift, and go to state 69
    '>'    shift, and go to state 70
    '<'    shift, and go to state 71

    $default  reduce using rule 118 (NotExpression)


State 37

  120 EqualityExpression: ConcatExpression •
  129 ConcatExpression: ConcatExpression • '&' AdditiveExpression

    '&'  shift, and go to state 72

    $default  reduce using rule 120 (EqualityExpression)


State 38

  128 ConcatExpression: AdditiveExpression •
  131 AdditiveExpression: AdditiveExpression • '+' ModExpression
  132                   | AdditiveExpression • '-' ModExpression

    '-'  shift, and go to state 73
    '+'  shift, and go to state 74

    $default  reduce using rule 128 (ConcatExpression)


State 39

  130 AdditiveExpression: ModExpression •
  134 ModExpression: ModExpression • tMOD IntdivExpression

    tMOD  shift, and go to state 75

    $default  reduce using rule 130 (AdditiveExpression)


State 40

  133 ModExpression: IntdivExpression •
  136 IntdivExpression: IntdivExpression • '\\' MultiplicativeExpression

    '\\'  shift, and go to state 76

    $default  reduce using rule 133 (ModExpression)


State 41

  135 IntdivExpression: MultiplicativeExpression •
  138 MultiplicativeExpression: MultiplicativeExpression • '*' ExpExpression
  139                         | MultiplicativeExpression • '/' ExpExpression

    '*'  shift, and go to state 77
    '/'  shift, and go to state 78

    $default  reduce using rule 135 (IntdivExpression)


State 42

  137 MultiplicativeExpression: ExpExpression •
  141 ExpExpression: ExpExpression • '^' SignExpression

    '^'  shift, and go to state 79

    $default  reduce using rule 137 (MultiplicativeExpression)


State 43

  140 ExpExpression: SignExpression •

    $default  reduce using rule 140 (ExpExpression)


State 44

  142 SignExpression: UnaryExpression •

    $default  reduce using rule 142 (SignExpression)


State 45

   54 MemberExpression: CallExpression • '.' tIdentifier
  146 UnaryExpression: CallExpression •
  150 CallExpression: CallExpression • Arguments

    tEMPTYBRACKETS  shift, and go to state 80
    '.'             shift, and go to state 81
    '('             shift, and go to state 82

    $default  reduce using rule 146 (UnaryExpression)

    Arguments  go to state 83


State 46

  145 UnaryExpression: LiteralExpression •

    $default  reduce using rule 145 (UnaryExpression)


State 47

  155 LiteralExpression: NumericLiteralExpression •

    $default  reduce using rule 155 (LiteralExpression)


State 48

  148 CallExpression: PrimaryExpression •

    $default  reduce using rule 148 (CallExpression)


State 49

   53 MemberExpression: Identifier •

    $default  reduce using rule 53 (MemberExpression)


State 50

    4 OptionExplicit_opt: tOPTION tEXPLICIT • StSep

    tNL  shift, and go to state 84
    ':'  shift, and go to state 85

    StSep  go to state 86


State 51

    0 $accept: Program $end •

    $default  accept


State 52

    1 Program: OptionExplicit_opt SourceElements •
    6 SourceElements: SourceElements • GlobalDimDeclaration StSep
    7               | SourceElements • StatementNl
    8               | SourceElements • ClassDeclaration

    tEXPRLBRACKET  shift, and go to state 5
    tSTOP          shift, and go to state 87
    tME            shift, and go to state 6
    tDOT           shift, and go to state 7
    tCALL          shift, and go to state 88
    tCONST         shift, and go to state 89
    tDIM           shift, and go to state 90
    tREDIM         shift, and go to state 91
    tIF            shift, and go to state 92
    tEXIT          shift, and go to state 93
    tWHILE         shift, and go to state 94
    tDO            shift, and go to state 95
    tFOR           shift, and go to state 96
    tSELECT        shift, and go to state 97
    tWITH          shift, and go to state 98
    tCLASS         shift, and go to state 99
    tSET           shift, and go to state 100
    tPUBLIC        shift, and go to state 101
    tPRIVATE       shift, and go to state 102
    tON            shift, and go to state 103
    tIdentifier    shift, and go to state 15
    tDEFAULT       shift, and go to state 17
    tERROR         shift, and go to state 18
    tEXPLICIT      shift, and go to state 19
    tPROPERTY      shift, and go to state 20
    tSTEP          shift, and go to state 21
    ':'            shift, and go to state 104

    $end      reduce using rule 1 (Program)
    $default  reduce using rule 183 (Storage_opt)

    GlobalDimDeclaration  go to state 105
    StatementNl           go to state 106
    Statement             go to state 107
    SimpleStatement       go to state 108
    MemberExpression      go to state 29
    IfStatement           go to state 109
    CallExpression        go to state 110
    PrimaryExpression     go to state 48
    ClassDeclaration      go to state 111
    FunctionDecl          go to state 112
    Storage_opt           go to state 113
    Storage               go to state 114
    Identifier            go to state 49


State 53

  109 Expression: Expression • tIMP EqvExpression
  164 PrimaryExpression: tEXPRLBRACKET Expression • ')'

    tIMP  shift, and go to state 60
    ')'   shift, and go to state 115


State 54

   55 MemberExpression: tDOT tIdentifier •

    $default  reduce using rule 55 (MemberExpression)


State 55

  119 NotExpression: tNOT NotExpression •

    $default  reduce using rule 119 (NotExpression)


State 56

  147 UnaryExpression: tNEW Identifier •

    $default  reduce using rule 147 (UnaryExpression)


State 57

  143 SignExpression: '-' SignExpression •

    $default  reduce using rule 143 (SignExpression)


State 58

  144 SignExpression: '+' SignExpression •

    $default  reduce using rule 144 (SignExpression)


State 59

   14 ExpressionNl_opt: Expression tNL •

    $default  reduce using rule 14 (ExpressionNl_opt)


State 60

  109 Expression: Expression tIMP • EqvExpression

    tEXPRLBRACKET  shift, and go to state 5
    tME            shift, and go to state 6
    tDOT           shift, and go to state 7
    tTRUE          shift, and go to state 8
    tFALSE         shift, and go to state 9
    tNOT           shift, and go to state 10
    tNOTHING       shift, and go to state 11
    tEMPTY         shift, and go to state 12
    tNULL          shift, and go to state 13
    tNEW           shift, and go to state 14
    tIdentifier    shift, and go to state 15
    tString        shift, and go to state 16
    tDEFAULT       shift, and go to state 17
    tERROR         shift, and go to state 18
    tEXPLICIT      shift, and go to state 19
    tPROPERTY      shift, and go to state 20
    tSTEP          shift, and go to state 21
    tInt           shift, and go to state 22
    tDouble        shift, and go to state 23
    tDate          shift, and go to state 24
    '0'            shift, and go to state 25
    '-'            shift, and go to state 26
    '+'            shift, and go to state 27

    MemberExpression          go to state 29
    EqvExpression             go to state 116
    XorExpression             go to state 32
    OrExpression              go to state 33
    AndExpression             go to state 34
    NotExpression             go to state 35
    EqualityExpression        go to state 36
    ConcatExpression          go to state 37
    AdditiveExpression        go to state 38
    ModExpression             go to state 39
    IntdivExpression          go to state 40
    MultiplicativeExpression  go to state 41
    ExpExpression             go to state 42
    SignExpression            go to state 43
    UnaryExpression           go to state 44
    CallExpression            go to state 45
    LiteralExpression         go to state 46
    NumericLiteralExpression  go to state 47
    PrimaryExpression         go to state 48
    Identifier                go to state 49


State 61

  111 EqvExpression: EqvExpression tEQV • XorExpression

    tEXPRLBRACKET  shift, and go to state 5
    tME            shift, and go to state 6
    tDOT           shift, and go to state 7
    tTRUE          shift, and go to state 8
    tFALSE         shift, and go to state 9
    tNOT           shift, and go to state 10
    tNOTHING       shift, and go to state 11
    tEMPTY         shift, and go to state 12
    tNULL          shift, and go to state 13
    tNEW           shift, and go to state 14
    tIdentifier    shift, and go to state 15
    tString        shift, and go to state 16
    tDEFAULT       shift, and go to state 17
    tERROR         shift, and go to state 18
    tEXPLICIT      shift, and go to state 19
    tPROPERTY      shift, and go to state 20
    tSTEP          shift, and go to state 21
    tInt           shift, and go to state 22
    tDouble        shift, and go to state 23
    tDate          shift, and go to state 24
    '0'            shift, and go to state 25
    '-'            shift, and go to state 26
    '+'            shift, and go to state 27

    MemberExpression          go to state 29
    XorExpression             go to state 117
    OrExpression              go to state 33
    AndExpression             go to state 34
    NotExpression             go to state 35
    EqualityExpression        go to state 36
    ConcatExpression          go to state 37
    AdditiveExpression        go to state 38
    ModExpression             go to state 39
    IntdivExpression          go to state 40
    MultiplicativeExpression  go to state 41
    ExpExpression             go to state 42
    SignExpression            go to state 43
    UnaryExpression           go to state 44
    CallExpression            go to state 45
    LiteralExpression         go to state 46
    NumericLiteralExpression  go to state 47
    PrimaryExpression         go to state 48
    Identifier                go to state 49


State 62

  113 XorExpression: XorExpression tXOR • OrExpression

    tEXPRLBRACKET  shift, and go to state 5
    tME            shift, and go to state 6
    tDOT           shift, and go to state 7
    tTRUE          shift, and go to state 8
    tFALSE         shift, and go to state 9
    tNOT           shift, and go to state 10
    tNOTHING       shift, and go to state 11
    tEMPTY         shift, and go to state 12
    tNULL          shift, and go to state 13
    tNEW           shift, and go to state 14
    tIdentifier    shift, and go to state 15
    tString        shift, and go to state 16
    tDEFAULT       shift, and go to state 17
    tERROR         shift, and go to state 18
    tEXPLICIT      shift, and go to state 19
    tPROPERTY      shift, and go to state 20
    tSTEP          shift, and go to state 21
    tInt           shift, and go to state 22
    tDouble        shift, and go to state 23
    tDate          shift, and go to state 24
    '0'            shift, and go to state 25
    '-'            shift, and go to state 26
    '+'            shift, and go to state 27

    MemberExpression          go to state 29
    OrExpression              go to state 118
    AndExpression             go to state 34
    NotExpression             go to state 35
    EqualityExpression        go to state 36
    ConcatExpression          go to state 37
    AdditiveExpression        go to state 38
    ModExpression             go to state 39
    IntdivExpression          go to state 40
    MultiplicativeExpression  go to state 41
    ExpExpression             go to state 42
    SignExpression            go to state 43
    UnaryExpression           go to state 44
    CallExpression            go to state 45
    LiteralExpression         go to state 46
    NumericLiteralExpression  go to state 47
    PrimaryExpression         go to state 48
    Identifier                go to state 49


State 63

  115 OrExpression: OrExpression tOR • AndExpression

    tEXPRLBRACKET  shift, and go to state 5
    tME            shift, and go to state 6
    tDOT           shift, and go to state 7
    tTRUE          shift, and go to state 8
    tFALSE         shift, and go to state 9
    tNOT           shift, and go to state 10
    tNOTHING       shift, and go to state 11
    tEMPTY         shift, and go to state 12
    tNULL          shift, and go to state 13
    tNEW           shift, and go to state 14
    tIdentifier    shift, and go to state 15
    tString        shift, and go to state 16
    tDEFAULT       shift, and go to state 17
    tERROR         shift, and go to state 18
    tEXPLICIT      shift, and go to state 19
    tPROPERTY      shift, and go to state 20
    tSTEP          shift, and go to state 21
    tInt           shift, and go to state 22
    tDouble        shift, and go to state 23
    tDate          shift, and go to state 24
    '0'            shift, and go to state 25
    '-'            shift, and go to state 26
    '+'            shift, and go to state 27

    MemberExpression          go to state 29
    AndExpression             go to state 119
    NotExpression             go to state 35
    EqualityExpression        go to state 36
    ConcatExpression          go to state 37
    AdditiveExpression        go to state 38
    ModExpression             go to state 39
    IntdivExpression          go to state 40
    MultiplicativeExpression  go to state 41
    ExpExpression             go to state 42
    SignExpression            go to state 43
    UnaryExpression           go to state 44
    CallExpression            go to state 45
    LiteralExpression         go to state 46
    NumericLiteralExpression  go to state 47
    PrimaryExpression         go to state 48
    Identifier                go to state 49


State 64

  117 AndExpression: AndExpression tAND • NotExpression

    tEXPRLBRACKET  shift, and go to state 5
    tME            shift, and go to state 6
    tDOT           shift, and go to state 7
    tTRUE          shift, and go to state 8
    tFALSE         shift, and go to state 9
    tNOT           shift, and go to state 10
    tNOTHING       shift, and go to state 11
    tEMPTY         shift, and go to state 12
    tNULL          shift, and go to state 13
    tNEW           shift, and go to state 14
    tIdentifier    shift, and go to state 15
    tString        shift, and go to state 16
    tDEFAULT       shift, and go to state 17
    tERROR         shift, and go to state 18
    tEXPLICIT      shift, and go to state 19
    tPROPERTY      shift, and go to state 20
    tSTEP          shift, and go to state 21
    tInt           shift, and go to state 22
    tDouble        shift, and go to state 23
    tDate          shift, and go to state 24
    '0'            shift, and go to state 25
    '-'            shift, and go to state 26
    '+'            shift, and go to state 27

    MemberExpression          go to state 29
    NotExpression             go to state 120
    EqualityExpression        go to state 36
    ConcatExpression          go to state 37
    AdditiveExpression        go to state 38
    ModExpression             go to state 39
    IntdivExpression          go to state 40
    MultiplicativeExpression  go to state 41
    ExpExpression             go to state 42
    SignExpression            go to state 43
    UnaryExpression           go to state 44
    CallExpression            go to state 45
    LiteralExpression         go to state 46
    NumericLiteralExpression  go to state 47
    PrimaryExpression         go to state 48
    Identifier                go to state 49


State 65

  126 EqualityExpression: EqualityExpression tLTEQ • ConcatExpression

    tEXPRLBRACKET  shift, and go to state 5
    tME            shift, and go to state 6
    tDOT           shift, and go to state 7
    tTRUE          shift, and go to state 8
    tFALSE         shift, and go to state 9
    tNOTHING       shift, and go to state 11
    tEMPTY         shift, and go to state 12
    tNULL          shift, and go to state 13
    tNEW           shift, and go to state 14
    tIdentifier    shift, and go to state 15
    tString        shift, and go to state 16
    tDEFAULT       shift, and go to state 17
    tERROR         shift, and go to state 18
    tEXPLICIT      shift, and go to state 19
    tPROPERTY      shift, and go to state 20
    tSTEP          shift, and go to state 21
    tInt           shift, and go to state 22
    tDouble        shift, and go to state 23
    tDate          shift, and go to state 24
    '0'            shift, and go to state 25
    '-'            shift, and go to state 26
    '+'            shift, and go to state 27

    MemberExpression          go to state 29
    ConcatExpression          go to state 121
    AdditiveExpression        go to state 38
    ModExpression             go to state 39
    IntdivExpression          go to state 40
    MultiplicativeExpression  go to state 41
    ExpExpression             go to state 42
    SignExpression            go to state 43
    UnaryExpression           go to state 44
    CallExpression            go to state 45
    LiteralExpression         go to state 46
    NumericLiteralExpression  go to state 47
    PrimaryExpression         go to state 48
    Identifier                go to state 49


State 66

  125 EqualityExpression: EqualityExpression tGTEQ • ConcatExpression

    tEXPRLBRACKET  shift, and go to state 5
    tME            shift, and go to state 6
    tDOT           shift, and go to state 7
    tTRUE          shift, and go to state 8
    tFALSE         shift, and go to state 9
    tNOTHING       shift, and go to state 11
    tEMPTY         shift, and go to state 12
    tNULL          shift, and go to state 13
    tNEW           shift, and go to state 14
    tIdentifier    shift, and go to state 15
    tString        shift, and go to state 16
    tDEFAULT       shift, and go to state 17
    tERROR         shift, and go to state 18
    tEXPLICIT      shift, and go to state 19
    tPROPERTY      shift, and go to state 20
    tSTEP          shift, and go to state 21
    tInt           shift, and go to state 22
    tDouble        shift, and go to state 23
    tDate          shift, and go to state 24
    '0'            shift, and go to state 25
    '-'            shift, and go to state 26
    '+'            shift, and go to state 27

    MemberExpression          go to state 29
    ConcatExpression          go to state 122
    AdditiveExpression        go to state 38
    ModExpression             go to state 39
    IntdivExpression          go to state 40
    MultiplicativeExpression  go to state 41
    ExpExpression             go to state 42
    SignExpression            go to state 43
    UnaryExpression           go to state 44
    CallExpression            go to state 45
    LiteralExpression         go to state 46
    NumericLiteralExpression  go to state 47
    PrimaryExpression         go to state 48
    Identifier                go to state 49


State 67

  122 EqualityExpression: EqualityExpression tNEQ • ConcatExpression

    tEXPRLBRACKET  shift, and go to state 5
    tME            shift, and go to state 6
    tDOT           shift, and go to state 7
    tTRUE          shift, and go to state 8
    tFALSE         shift, and go to state 9
    tNOTHING       shift, and go to state 11
    tEMPTY         shift, and go to state 12
    tNULL          shift, and go to state 13
    tNEW           shift, and go to state 14
    tIdentifier    shift, and go to state 15
    tString        shift, and go to state 16
    tDEFAULT       shift, and go to state 17
    tERROR         shift, and go to state 18
    tEXPLICIT      shift, and go to state 19
    tPROPERTY      shift, and go to state 20
    tSTEP          shift, and go to state 21
    tInt           shift, and go to state 22
    tDouble        shift, and go to state 23
    tDate          shift, and go to state 24
    '0'            shift, and go to state 25
    '-'            shift, and go to state 26
    '+'            shift, and go to state 27

    MemberExpression          go to state 29
    ConcatExpression          go to state 123
    AdditiveExpression        go to state 38
    ModExpression             go to state 39
    IntdivExpression          go to state 40
    MultiplicativeExpression  go to state 41
    ExpExpression             go to state 42
    SignExpression            go to state 43
    UnaryExpression           go to state 44
    CallExpression            go to state 45
    LiteralExpression         go to state 46
    NumericLiteralExpression  go to state 47
    PrimaryExpression         go to state 48
    Identifier                go to state 49


State 68

  127 EqualityExpression: EqualityExpression tIS • ConcatExpression

    tEXPRLBRACKET  shift, and go to state 5
    tME            shift, and go to state 6
    tDOT           shift, and go to state 7
    tTRUE          shift, and go to state 8
    tFALSE         shift, and go to state 9
    tNOTHING       shift, and go to state 11
    tEMPTY         shift, and go to state 12
    tNULL          shift, and go to state 13
    tNEW           shift, and go to state 14
    tIdentifier    shift, and go to state 15
    tString        shift, and go to state 16
    tDEFAULT       shift, and go to state 17
    tERROR         shift, and go to state 18
    tEXPLICIT      shift, and go to state 19
    tPROPERTY      shift, and go to state 20
    tSTEP          shift, and go to state 21
    tInt           shift, and go to state 22
    tDouble        shift, and go to state 23
    tDate          shift, and go to state 24
    '0'            shift, and go to state 25
    '-'            shift, and go to state 26
    '+'            shift, and go to state 27

    MemberExpression          go to state 29
    ConcatExpression          go to state 124
    AdditiveExpression        go to state 38
    ModExpression             go to state 39
    IntdivExpression          go to state 40
    MultiplicativeExpression  go to state 41
    ExpExpression             go to state 42
    SignExpression            go to state 43
    UnaryExpression           go to state 44
    CallExpression            go to state 45
    LiteralExpression         go to state 46
    NumericLiteralExpression  go to state 47
    PrimaryExpression         go to state 48
    Identifier                go to state 49


State 69

  121 EqualityExpression: EqualityExpression '=' • ConcatExpression

    tEXPRLBRACKET  shift, and go to state 5
    tME            shift, and go to state 6
    tDOT           shift, and go to state 7
    tTRUE          shift, and go to state 8
    tFALSE         shift, and go to state 9
    tNOTHING       shift, and go to state 11
    tEMPTY         shift, and go to state 12
    tNULL          shift, and go to state 13
    tNEW           shift, and go to state 14
    tIdentifier    shift, and go to state 15
    tString        shift, and go to state 16
    tDEFAULT       shift, and go to state 17
    tERROR         shift, and go to state 18
    tEXPLICIT      shift, and go to state 19
    tPROPERTY      shift, and go to state 20
    tSTEP          shift, and go to state 21
    tInt           shift, and go to state 22
    tDouble        shift, and go to state 23
    tDate          shift, and go to state 24
    '0'            shift, and go to state 25
    '-'            shift, and go to state 26
    '+'            shift, and go to state 27

    MemberExpression          go to state 29
    ConcatExpression          go to state 125
    AdditiveExpression        go to state 38
    ModExpression             go to state 39
    IntdivExpression          go to state 40
    MultiplicativeExpression  go to state 41
    ExpExpression             go to state 42
    SignExpression            go to state 43
    UnaryExpression           go to state 44
    CallExpression            go to state 45
    LiteralExpression         go to state 46
    NumericLiteralExpression  go to state 47
    PrimaryExpression         go to state 48
    Identifier                go to state 49


State 70

  123 EqualityExpression: EqualityExpression '>' • ConcatExpression

    tEXPRLBRACKET  shift, and go to state 5
    tME            shift, and go to state 6
    tDOT           shift, and go to state 7
    tTRUE          shift, and go to state 8
    tFALSE         shift, and go to state 9
    tNOTHING       shift, and go to state 11
    tEMPTY         shift, and go to state 12
    tNULL          shift, and go to state 13
    tNEW           shift, and go to state 14
    tIdentifier    shift, and go to state 15
    tString        shift, and go to state 16
    tDEFAULT       shift, and go to state 17
    tERROR         shift, and go to state 18
    tEXPLICIT      shift, and go to state 19
    tPROPERTY      shift, and go to state 20
    tSTEP          shift, and go to state 21
    tInt           shift, and go to state 22
    tDouble        shift, and go to state 23
    tDate          shift, and go to state 24
    '0'            shift, and go to state 25
    '-'            shift, and go to state 26
    '+'            shift, and go to state 27

    MemberExpression          go to state 29
    ConcatExpression          go to state 126
    AdditiveExpression        go to state 38
    ModExpression             go to state 39
    IntdivExpression          go to state 40
    MultiplicativeExpression  go to state 41
    ExpExpression             go to state 42
    SignExpression            go to state 43
    UnaryExpression           go to state 44
    CallExpression            go to state 45
    LiteralExpression         go to state 46
    NumericLiteralExpression  go to state 47
    PrimaryExpression         go to state 48
    Identifier                go to state 49


State 71

  124 EqualityExpression: EqualityExpression '<' • ConcatExpression

    tEXPRLBRACKET  shift, and go to state 5
    tME            shift, and go to state 6
    tDOT           shift, and go to state 7
    tTRUE          shift, and go to state 8
    tFALSE         shift, and go to state 9
    tNOTHING       shift, and go to state 11
    tEMPTY         shift, and go to state 12
    tNULL          shift, and go to state 13
    tNEW           shift, and go to state 14
    tIdentifier    shift, and go to state 15
    tString        shift, and go to state 16
    tDEFAULT       shift, and go to state 17
    tERROR         shift, and go to state 18
    tEXPLICIT      shift, and go to state 19
    tPROPERTY      shift, and go to state 20
    tSTEP          shift, and go to state 21
    tInt           shift, and go to state 22
    tDouble        shift, and go to state 23
    tDate          shift, and go to state 24
    '0'            shift, and go to state 25
    '-'            shift, and go to state 26
    '+'            shift, and go to state 27

    MemberExpression          go to state 29
    ConcatExpression          go to state 127
    AdditiveExpression        go to state 38
    ModExpression             go to state 39
    IntdivExpression          go to state 40
    MultiplicativeExpression  go to state 41
    ExpExpression             go to state 42
    SignExpression            go to state 43
    UnaryExpression           go to state 44
    CallExpression            go to state 45
    LiteralExpression         go to state 46
    NumericLiteralExpression  go to state 47
    PrimaryExpression         go to state 48
    Identifier                go to state 49


State 72

  129 ConcatExpression: ConcatExpression '&' • AdditiveExpression

    tEXPRLBRACKET  shift, and go to state 5
    tME            shift, and go to state 6
    tDOT           shift, and go to state 7
    tTRUE          shift, and go to state 8
    tFALSE         shift, and go to state 9
    tNOTHING       shift, and go to state 11
    tEMPTY         shift, and go to state 12
    tNULL          shift, and go to state 13
    tNEW           shift, and go to state 14
    tIdentifier    shift, and go to state 15
    tString        shift, and go to state 16
    tDEFAULT       shift, and go to state 17
    tERROR         shift, and go to state 18
    tEXPLICIT      shift, and go to state 19
    tPROPERTY      shift, and go to state 20
    tSTEP          shift, and go to state 21
    tInt           shift, and go to state 22
    tDouble        shift, and go to state 23
    tDate          shift, and go to state 24
    '0'            shift, and go to state 25
    '-'            shift, and go to state 26
    '+'            shift, and go to state 27

    MemberExpression          go to state 29
    AdditiveExpression        go to state 128
    ModExpression             go to state 39
    IntdivExpression          go to state 40
    MultiplicativeExpression  go to state 41
    ExpExpression             go to state 42
    SignExpression            go to state 43
    UnaryExpression           go to state 44
    CallExpression            go to state 45
    LiteralExpression         go to state 46
    NumericLiteralExpression  go to state 47
    PrimaryExpression         go to state 48
    Identifier                go to state 49


State 73

  132 AdditiveExpression: AdditiveExpression '-' • ModExpression

    tEXPRLBRACKET  shift, and go to state 5
    tME            shift, and go to state 6
    tDOT           shift, and go to state 7
    tTRUE          shift, and go to state 8
    tFALSE         shift, and go to state 9
    tNOTHING       shift, and go to state 11
    tEMPTY         shift, and go to state 12
    tNULL          shift, and go to state 13
    tNEW           shift, and go to state 14
    tIdentifier    shift, and go to state 15
    tString        shift, and go to state 16
    tDEFAULT       shift, and go to state 17
    tERROR         shift, and go to state 18
    tEXPLICIT      shift, and go to state 19
    tPROPERTY      shift, and go to state 20
    tSTEP          shift, and go to state 21
    tInt           shift, and go to state 22
    tDouble        shift, and go to state 23
    tDate          shift, and go to state 24
    '0'            shift, and go to state 25
    '-'            shift, and go to state 26
    '+'            shift, and go to state 27

    MemberExpression          go to state 29
    ModExpression             go to state 129
    IntdivExpression          go to state 40
    MultiplicativeExpression  go to state 41
    ExpExpression             go to state 42
    SignExpression            go to state 43
    UnaryExpression           go to state 44
    CallExpression            go to state 45
    LiteralExpression         go to state 46
    NumericLiteralExpression  go to state 47
    PrimaryExpression         go to state 48
    Identifier                go to state 49


State 74

  131 AdditiveExpression: AdditiveExpression '+' • ModExpression

    tEXPRLBRACKET  shift, and go to state 5
    tME            shift, and go to state 6
    tDOT           shift, and go to state 7
    tTRUE          shift, and go to state 8
    tFALSE         shift, and go to state 9
    tNOTHING       shift, and go to state 11
    tEMPTY         shift, and go to state 12
    tNULL          shift, and go to state 13
    tNEW           shift, and go to state 14
    tIdentifier    shift, and go to state 15
    tString        shift, and go to state 16
    tDEFAULT       shift, and go to state 17
    tERROR         shift, and go to state 18
    tEXPLICIT      shift, and go to state 19
    tPROPERTY      shift, and go to state 20
    tSTEP          shift, and go to state 21
    tInt           shift, and go to state 22
    tDouble        shift, and go to state 23
    tDate          shift, and go to state 24
    '0'            shift, and go to state 25
    '-'            shift, and go to state 26
    '+'            shift, and go to state 27

    MemberExpression          go to state 29
    ModExpression             go to state 130
    IntdivExpression          go to state 40
    MultiplicativeExpression  go to state 41
    ExpExpression             go to state 42
    SignExpression            go to state 43
    UnaryExpression           go to state 44
    CallExpression            go to state 45
    LiteralExpression         go to state 46
    NumericLiteralExpression  go to state 47
    PrimaryExpression         go to state 48
    Identifier                go to state 49


State 75

  134 ModExpression: ModExpression tMOD • IntdivExpression

    tEXPRLBRACKET  shift, and go to state 5
    tME            shift, and go to state 6
    tDOT           shift, and go to state 7
    tTRUE          shift, and go to state 8
    tFALSE         shift, and go to state 9
    tNOTHING       shift, and go to state 11
    tEMPTY         shift, and go to state 12
    tNULL          shift, and go to state 13
    tNEW           shift, and go to state 14
    tIdentifier    shift, and go to state 15
    tString        shift, and go to state 16
    tDEFAULT       shift, and go to state 17
    tERROR         shift, and go to state 18
    tEXPLICIT      shift, and go to state 19
    tPROPERTY      shift, and go to state 20
    tSTEP          shift, and go to state 21
    tInt           shift, and go to state 22
    tDouble        shift, and go to state 23
    tDate          shift, and go to state 24
    '0'            shift, and go to state 25
    '-'            shift, and go to state 26
    '+'            shift, and go to state 27

    MemberExpression          go to state 29
    IntdivExpression          go to state 131
    MultiplicativeExpression  go to state 41
    ExpExpression             go to state 42
    SignExpression            go to state 43
    UnaryExpression           go to state 44
    CallExpression            go to state 45
    LiteralExpression         go to state 46
    NumericLiteralExpression  go to state 47
    PrimaryExpression         go to state 48
    Identifier                go to state 49


State 76

  136 IntdivExpression: IntdivExpression '\\' • MultiplicativeExpression

    tEXPRLBRACKET  shift, and go to state 5
    tME            shift, and go to state 6
    tDOT           shift, and go to state 7
    tTRUE          shift, and go to state 8
    tFALSE         shift, and go to state 9
    tNOTHING       shift, and go to state 11
    tEMPTY         shift, and go to state 12
    tNULL          shift, and go to state 13
    tNEW           shift, and go to state 14
    tIdentifier    shift, and go to state 15
    tString        shift, and go to state 16
    tDEFAULT       shift, and go to state 17
    tERROR         shift, and go to state 18
    tEXPLICIT      shift, and go to state 19
    tPROPERTY      shift, and go to state 20
    tSTEP          shift, and go to state 21
    tInt           shift, and go to state 22
    tDouble        shift, and go to state 23
    tDate          shift, and go to state 24
    '0'            shift, and go to state 25
    '-'            shift, and go to state 26
    '+'            shift, and go to state 27

    MemberExpression          go to state 29
    MultiplicativeExpression  go to state 132
    ExpExpression             go to state 42
    SignExpression            go to state 43
    UnaryExpression           go to state 44
    CallExpression            go to state 45
    LiteralExpression         go to state 46
    NumericLiteralExpression  go to state 47
    PrimaryExpression         go to state 48
    Identifier                go to state 49


State 77

  138 MultiplicativeExpression: MultiplicativeExpression '*' • ExpExpression

    tEXPRLBRACKET  shift, and go to state 5
    tME            shift, and go to state 6
    tDOT           shift, and go to state 7
    tTRUE          shift, and go to state 8
    tFALSE         shift, and go to state 9
    tNOTHING       shift, and go to state 11
    tEMPTY         shift, and go to state 12
    tNULL          shift, and go to state 13
    tNEW           shift, and go to state 14
    tIdentifier    shift, and go to state 15
    tString        shift, and go to state 16
    tDEFAULT       shift, and go to state 17
    tERROR         shift, and go to state 18
    tEXPLICIT      shift, and go to state 19
    tPROPERTY      shift, and go to state 20
    tSTEP          shift, and go to state 21
    tInt           shift, and go to state 22
    tDouble        shift, and go to state 23
    tDate          shift, and go to state 24
    '0'            shift, and go to state 25
    '-'            shift, and go to state 26
    '+'            shift, and go to state 27

    MemberExpression          go to state 29
    ExpExpression             go to state 133
    SignExpression            go to state 43
    UnaryExpression           go to state 44
    CallExpression            go to state 45
    LiteralExpression         go to state 46
    NumericLiteralExpression  go to state 47
    PrimaryExpression         go to state 48
    Identifier                go to state 49


State 78

  139 MultiplicativeExpression: MultiplicativeExpression '/' • ExpExpression

    tEXPRLBRACKET  shift, and go to state 5
    tME            shift, and go to state 6
    tDOT           shift, and go to state 7
    tTRUE          shift, and go to state 8
    tFALSE         shift, and go to state 9
    tNOTHING       shift, and go to state 11
    tEMPTY         shift, and go to state 12
    tNULL          shift, and go to state 13
    tNEW           shift, and go to state 14
    tIdentifier    shift, and go to state 15
    tString        shift, and go to state 16
    tDEFAULT       shift, and go to state 17
    tERROR         shift, and go to state 18
    tEXPLICIT      shift, and go to state 19
    tPROPERTY      shift, and go to state 20
    tSTEP          shift, and go to state 21
    tInt           shift, and go to state 22
    tDouble        shift, and go to state 23
    tDate          shift, and go to state 24
    '0'            shift, and go to state 25
    '-'            shift, and go to state 26
    '+'            shift, and go to state 27

    MemberExpression          go to state 29
    ExpExpression             go to state 134
    SignExpression            go to state 43
    UnaryExpression           go to state 44
    CallExpression            go to state 45
    LiteralExpression         go to state 46
    NumericLiteralExpression  go to state 47
    PrimaryExpression         go to state 48
    Identifier                go to state 49


State 79

  141 ExpExpression: ExpExpression '^' • SignExpression

    tEXPRLBRACKET  shift, and go to state 5
    tME            shift, and go to state 6
    tDOT           shift, and go to state 7
    tTRUE          shift, and go to state 8
    tFALSE         shift, and go to state 9
    tNOTHING       shift, and go to state 11
    tEMPTY         shift, and go to state 12
    tNULL          shift, and go to state 13
    tNEW           shift, and go to state 14
    tIdentifier    shift, and go to state 15
    tString        shift, and go to state 16
    tDEFAULT       shift, and go to state 17
    tERROR         shift, and go to state 18
    tEXPLICIT      shift, and go to state 19
    tPROPERTY      shift, and go to state 20
    tSTEP          shift, and go to state 21
    tInt           shift, and go to state 22
    tDouble        shift, and go to state 23
    tDate          shift, and go to state 24
    '0'            shift, and go to state 25
    '-'            shift, and go to state 26
    '+'            shift, and go to state 27

    MemberExpression          go to state 29
    SignExpression            go to state 135
    UnaryExpression           go to state 44
    CallExpression            go to state 45
    LiteralExpression         go to state 46
    NumericLiteralExpression  go to state 47
    PrimaryExpression         go to state 48
    Identifier                go to state 49


State 80

   97 Arguments: tEMPTYBRACKETS •

    $default  reduce using rule 97 (Arguments)


State 81

   54 MemberExpression: CallExpression '.' • tIdentifier

    tIdentifier  shift, and go to state 136


State 82

   98 Arguments: '(' • ArgumentList ')'

    tEXPRLBRACKET  shift, and go to state 5
    tME            shift, and go to state 6
    tDOT           shift, and go to state 7
    tTRUE          shift, and go to state 8
    tFALSE         shift, and go to state 9
    tNOT           shift, and go to state 10
    tNOTHING       shift, and go to state 11
    tEMPTY         shift, and go to state 12
    tNULL          shift, and go to state 13
    tNEW           shift, and go to state 14
    tIdentifier    shift, and go to state 15
    tString        shift, and go to state 16
    tDEFAULT       shift, and go to state 17
    tERROR         shift, and go to state 18
    tEXPLICIT      shift, and go to state 19
    tPROPERTY      shift, and go to state 20
    tSTEP          shift, and go to state 21
    tInt           shift, and go to state 22
    tDouble        shift, and go to state 23
    tDate          shift, and go to state 24
    '0'            shift, and go to state 25
    ','            shift, and go to state 137
    '-'            shift, and go to state 26
    '+'            shift, and go to state 27

    MemberExpression          go to state 29
    ArgumentList              go to state 138
    Expression                go to state 139
    EqvExpression             go to state 31
    XorExpression             go to state 32
    OrExpression              go to state 33
    AndExpression             go to state 34
    NotExpression             go to state 35
    EqualityExpression        go to state 36
    ConcatExpression          go to state 37
    AdditiveExpression        go to state 38
    ModExpression             go to state 39
    IntdivExpression          go to state 40
    MultiplicativeExpression  go to state 41
    ExpExpression             go to state 42
    SignExpression            go to state 43
    UnaryExpression           go to state 44
    CallExpression            go to state 45
    LiteralExpression         go to state 46
    NumericLiteralExpression  go to state 47
    PrimaryExpression         go to state 48
    Identifier                go to state 49


State 83

  150 CallExpression: CallExpression Arguments •

    $default  reduce using rule 150 (CallExpression)


State 84

  211 StSep: tNL •
  213      | tNL • StSep

    tNL  shift, and go to state 84
    ':'  shift, and go to state 85

    ':'       [reduce using rule 211 (StSep)]
    $default  reduce using rule 211 (StSep)

    StSep  go to state 140


State 85

  212 StSep: ':' •
  214      | ':' • StSep

    tNL  shift, and go to state 84
    ':'  shift, and go to state 85

    ':'       [reduce using rule 212 (StSep)]
    $default  reduce using rule 212 (StSep)

    StSep  go to state 141


State 86

    4 OptionExplicit_opt: tOPTION tEXPLICIT StSep •

    $default  reduce using rule 4 (OptionExplicit_opt)


State 87

   45 SimpleStatement: tSTOP •

    $default  reduce using rule 45 (SimpleStatement)


State 88

   29 SimpleStatement: tCALL • UnaryExpression

    tEXPRLBRACKET  shift, and go to state 5
    tME            shift, and go to state 6
    tDOT           shift, and go to state 7
    tTRUE          shift, and go to state 8
    tFALSE         shift, and go to state 9
    tNOTHING       shift, and go to state 11
    tEMPTY         shift, and go to state 12
    tNULL          shift, and go to state 13
    tNEW           shift, and go to state 14
    tIdentifier    shift, and go to state 15
    tString        shift, and go to state 16
    tDEFAULT       shift, and go to state 17
    tERROR         shift, and go to state 18
    tEXPLICIT      shift, and go to state 19
    tPROPERTY      shift, and go to state 20
    tSTEP          shift, and go to state 21
    tInt           shift, and go to state 22
    tDouble        shift, and go to state 23
    tDate          shift, and go to state 24
    '0'            shift, and go to state 25

    MemberExpression          go to state 29
    UnaryExpression           go to state 142
    CallExpression            go to state 45
    LiteralExpression         go to state 46
    NumericLiteralExpression  go to state 47
    PrimaryExpression         go to state 48
    Identifier                go to state 49


State 89

   48 SimpleStatement: tCONST • ConstDeclList

    tIdentifier  shift, and go to state 15
    tDEFAULT     shift, and go to state 17
    tERROR       shift, and go to state 18
    tEXPLICIT    shift, and go to state 19
    tPROPERTY    shift, and go to state 20
    tSTEP        shift, and go to state 21

    ConstDeclList  go to state 143
    ConstDecl      go to state 144
    Identifier     go to state 145


State 90

   31 SimpleStatement: tDIM • DimDeclList

    tIdentifier  shift, and go to state 15
    tDEFAULT     shift, and go to state 17
    tERROR       shift, and go to state 18
    tEXPLICIT    shift, and go to state 19
    tPROPERTY    shift, and go to state 20
    tSTEP        shift, and go to state 21

    DimDeclList  go to state 146
    DimDecl      go to state 147
    Identifier   go to state 148


State 91

   32 SimpleStatement: tREDIM • Preserve_opt ReDimDeclList

    tPRESERVE  shift, and go to state 149

    $default  reduce using rule 56 (Preserve_opt)

    Preserve_opt  go to state 150


State 92

   82 IfStatement: tIF • Expression tTHEN tNL StatementsNl_opt ElseIfs_opt Else_opt tEND tIF
   83            | tIF • Expression tTHEN Statement EndIf_opt
   84            | tIF • Expression tTHEN Statement tELSE Statement EndIf_opt

    tEXPRLBRACKET  shift, and go to state 5
    tME            shift, and go to state 6
    tDOT           shift, and go to state 7
    tTRUE          shift, and go to state 8
    tFALSE         shift, and go to state 9
    tNOT           shift, and go to state 10
    tNOTHING       shift, and go to state 11
    tEMPTY         shift, and go to state 12
    tNULL          shift, and go to state 13
    tNEW           shift, and go to state 14
    tIdentifier    shift, and go to state 15
    tString        shift, and go to state 16
    tDEFAULT       shift, and go to state 17
    tERROR         shift, and go to state 18
    tEXPLICIT      shift, and go to state 19
    tPROPERTY      shift, and go to state 20
    tSTEP          shift, and go to state 21
    tInt           shift, and go to state 22
    tDouble        shift, and go to state 23
    tDate          shift, and go to state 24
    '0'            shift, and go to state 25
    '-'            shift, and go to state 26
    '+'            shift, and go to state 27

    MemberExpression          go to state 29
    Expression                go to state 151
    EqvExpression             go to state 31
    XorExpression             go to state 32
    OrExpression              go to state 33
    AndExpression             go to state 34
    NotExpression             go to state 35
    EqualityExpression        go to state 36
    ConcatExpression          go to state 37
    AdditiveExpression        go to state 38
    ModExpression             go to state 39
    IntdivExpression          go to state 40
    MultiplicativeExpression  go to state 41
    ExpExpression             go to state 42
    SignExpression            go to state 43
    UnaryExpression           go to state 44
    CallExpression            go to state 45
    LiteralExpression         go to state 46
    NumericLiteralExpression  go to state 47
    PrimaryExpression         go to state 48
    Identifier                go to state 49


State 93

   39 SimpleStatement: tEXIT • tDO
   40                | tEXIT • tFOR
   41                | tEXIT • tFUNCTION
   42                | tEXIT • tPROPERTY
   43                | tEXIT • tSUB

    tSUB       shift, and go to state 152
    tFUNCTION  shift, and go to state 153
    tDO        shift, and go to state 154
    tFOR       shift, and go to state 155
    tPROPERTY  shift, and go to state 156


State 94

   34 SimpleStatement: tWHILE • Expression StSep StatementsNl_opt tWEND

    tEXPRLBRACKET  shift, and go to state 5
    tME            shift, and go to state 6
    tDOT           shift, and go to state 7
    tTRUE          shift, and go to state 8
    tFALSE         shift, and go to state 9
    tNOT           shift, and go to state 10
    tNOTHING       shift, and go to state 11
    tEMPTY         shift, and go to state 12
    tNULL          shift, and go to state 13
    tNEW           shift, and go to state 14
    tIdentifier    shift, and go to state 15
    tString        shift, and go to state 16
    tDEFAULT       shift, and go to state 17
    tERROR         shift, and go to state 18
    tEXPLICIT      shift, and go to state 19
    tPROPERTY      shift, and go to state 20
    tSTEP          shift, and go to state 21
    tInt           shift, and go to state 22
    tDouble        shift, and go to state 23
    tDate          shift, and go to state 24
    '0'            shift, and go to state 25
    '-'            shift, and go to state 26
    '+'            shift, and go to state 27

    MemberExpression          go to state 29
    Expression                go to state 157
    EqvExpression             go to state 31
    XorExpression             go to state 32
    OrExpression              go to state 33
    AndExpression             go to state 34
    NotExpression             go to state 35
    EqualityExpression        go to state 36
    ConcatExpression          go to state 37
    AdditiveExpression        go to state 38
    ModExpression             go to state 39
    IntdivExpression          go to state 40
    MultiplicativeExpression  go to state 41
    ExpExpression             go to state 42
    SignExpression            go to state 43
    UnaryExpression           go to state 44
    CallExpression            go to state 45
    LiteralExpression         go to state 46
    NumericLiteralExpression  go to state 47
    PrimaryExpression         go to state 48
    Identifier                go to state 49


State 95

   35 SimpleStatement: tDO • DoType Expression StSep StatementsNl_opt tLOOP
   36                | tDO • StSep StatementsNl_opt tLOOP DoType Expression
   37                | tDO • StSep StatementsNl_opt tLOOP

    tNL     shift, and go to state 84
    tWHILE  shift, and go to state 158
    tUNTIL  shift, and go to state 159
    ':'     shift, and go to state 85

    DoType  go to state 160
    StSep   go to state 161


State 96

   49 SimpleStatement: tFOR • Identifier '=' Expression tTO Expression Step_opt StSep StatementsNl_opt tNEXT
   50                | tFOR • tEACH Identifier tIN Expression StSep StatementsNl_opt tNEXT

    tEACH        shift, and go to state 162
    tIdentifier  shift, and go to state 15
    tDEFAULT     shift, and go to state 17
    tERROR       shift, and go to state 18
    tEXPLICIT    shift, and go to state 19
    tPROPERTY    shift, and go to state 20
    tSTEP        shift, and go to state 21

    Identifier  go to state 163


State 97

   51 SimpleStatement: tSELECT • tCASE Expression StSep CaseClausules tEND tSELECT

    tCASE  shift, and go to state 164


State 98

   52 SimpleStatement: tWITH • Expression StSep StatementsNl_opt tEND tWITH

    tEXPRLBRACKET  shift, and go to state 5
    tME            shift, and go to state 6
    tDOT           shift, and go to state 7
    tTRUE          shift, and go to state 8
    tFALSE         shift, and go to state 9
    tNOT           shift, and go to state 10
    tNOTHING       shift, and go to state 11
    tEMPTY         shift, and go to state 12
    tNULL          shift, and go to state 13
    tNEW           shift, and go to state 14
    tIdentifier    shift, and go to state 15
    tString        shift, and go to state 16
    tDEFAULT       shift, and go to state 17
    tERROR         shift, and go to state 18
    tEXPLICIT      shift, and go to state 19
    tPROPERTY      shift, and go to state 20
    tSTEP          shift, and go to state 21
    tInt           shift, and go to state 22
    tDouble        shift, and go to state 23
    tDate          shift, and go to state 24
    '0'            shift, and go to state 25
    '-'            shift, and go to state 26
    '+'            shift, and go to state 27

    MemberExpression          go to state 29
    Expression                go to state 165
    EqvExpression             go to state 31
    XorExpression             go to state 32
    OrExpression              go to state 33
    AndExpression             go to state 34
    NotExpression             go to state 35
    EqualityExpression        go to state 36
    ConcatExpression          go to state 37
    AdditiveExpression        go to state 38
    ModExpression             go to state 39
    IntdivExpression          go to state 40
    MultiplicativeExpression  go to state 41
    ExpExpression             go to state 42
    SignExpression            go to state 43
    UnaryExpression           go to state 44
    CallExpression            go to state 45
    LiteralExpression         go to state 46
    NumericLiteralExpression  go to state 47
    PrimaryExpression         go to state 48
    Identifier                go to state 49


State 99

  166 ClassDeclaration: tCLASS • Identifier StSep ClassBody tEND tCLASS StSep

    tIdentifier  shift, and go to state 15
    tDEFAULT     shift, and go to state 17
    tERROR       shift, and go to state 18
    tEXPLICIT    shift, and go to state 19
    tPROPERTY    shift, and go to state 20
    tSTEP        shift, and go to state 21

    Identifier  go to state 166


State 100

   44 SimpleStatement: tSET • CallExpression '=' Expression

    tEXPRLBRACKET  shift, and go to state 5
    tME            shift, and go to state 6
    tDOT           shift, and go to state 7
    tIdentifier    shift, and go to state 15
    tDEFAULT       shift, and go to state 17
    tERROR         shift, and go to state 18
    tEXPLICIT      shift, and go to state 19
    tPROPERTY      shift, and go to state 20
    tSTEP          shift, and go to state 21

    MemberExpression   go to state 29
    CallExpression     go to state 167
    PrimaryExpression  go to state 48
    Identifier         go to state 49


State 101

   10 GlobalDimDeclaration: tPUBLIC • tCONST ConstDeclList
   12                     | tPUBLIC • DimDeclList
  185 Storage: tPUBLIC • tDEFAULT
  186        | tPUBLIC •

    tCONST       shift, and go to state 168
    tIdentifier  shift, and go to state 15
    tDEFAULT     shift, and go to state 169
    tERROR       shift, and go to state 18
    tEXPLICIT    shift, and go to state 19
    tPROPERTY    shift, and go to state 20
    tSTEP        shift, and go to state 21

    $default  reduce using rule 186 (Storage)

    DimDeclList  go to state 170
    DimDecl      go to state 147
    Identifier   go to state 148


State 102

    9 GlobalDimDeclaration: tPRIVATE • tCONST ConstDeclList
   11                     | tPRIVATE • DimDeclList
  187 Storage: tPRIVATE •

    tCONST       shift, and go to state 171
    tIdentifier  shift, and go to state 15
    tDEFAULT     shift, and go to state 17
    tERROR       shift, and go to state 18
    tEXPLICIT    shift, and go to state 19
    tPROPERTY    shift, and go to state 20
    tSTEP        shift, and go to state 21

    $default  reduce using rule 187 (Storage)

    DimDeclList  go to state 172
    DimDecl      go to state 147
    Identifier   go to state 148


State 103

   46 SimpleStatement: tON • tERROR tRESUME tNEXT
   47                | tON • tERROR tGOTO '0'

    tERROR  shift, and go to state 173


State 104

   23 Statement: ':' •
   24          | ':' • Statement

    tEXPRLBRACKET  shift, and go to state 5
    tSTOP          shift, and go to state 87
    tME            shift, and go to state 6
    tDOT           shift, and go to state 7
    tCALL          shift, and go to state 88
    tCONST         shift, and go to state 89
    tDIM           shift, and go to state 90
    tREDIM         shift, and go to state 91
    tIF            shift, and go to state 92
    tEXIT          shift, and go to state 93
    tWHILE         shift, and go to state 94
    tDO            shift, and go to state 95
    tFOR           shift, and go to state 96
    tSELECT        shift, and go to state 97
    tWITH          shift, and go to state 98
    tSET           shift, and go to state 100
    tPUBLIC        shift, and go to state 174
    tPRIVATE       shift, and go to state 175
    tON            shift, and go to state 103
    tIdentifier    shift, and go to state 15
    tDEFAULT       shift, and go to state 17
    tERROR         shift, and go to state 18
    tEXPLICIT      shift, and go to state 19
    tPROPERTY      shift, and go to state 20
    tSTEP          shift, and go to state 21
    ':'            shift, and go to state 104

    tSUB       reduce using rule 183 (Storage_opt)
    tFUNCTION  reduce using rule 183 (Storage_opt)
    ':'        [reduce using rule 23 (Statement)]
    $default   reduce using rule 23 (Statement)

    Statement          go to state 176
    SimpleStatement    go to state 108
    MemberExpression   go to state 29
    IfStatement        go to state 109
    CallExpression     go to state 110
    PrimaryExpression  go to state 48
    FunctionDecl       go to state 112
    Storage_opt        go to state 113
    Storage            go to state 114
    Identifier         go to state 49


State 105

    6 SourceElements: SourceElements GlobalDimDeclaration • StSep

    tNL  shift, and go to state 84
    ':'  shift, and go to state 85

    StSep  go to state 177


State 106

    7 SourceElements: SourceElements StatementNl •

    $default  reduce using rule 7 (SourceElements)


State 107

   22 StatementNl: Statement • tNL

    tNL  shift, and go to state 178


State 108

   25 Statement: SimpleStatement •
   26          | SimpleStatement • ':' Statement
   27          | SimpleStatement • ':'

    ':'  shift, and go to state 179

    ':'       [reduce using rule 25 (Statement)]
    $default  reduce using rule 25 (Statement)


State 109

   33 SimpleStatement: IfStatement •

    $default  reduce using rule 33 (SimpleStatement)


State 110

   28 SimpleStatement: CallExpression • ArgumentList_opt
   30                | CallExpression • '=' Expression
   54 MemberExpression: CallExpression • '.' tIdentifier
  150 CallExpression: CallExpression • Arguments

    tEMPTYBRACKETS  shift, and go to state 80
    tEXPRLBRACKET   shift, and go to state 5
    tME             shift, and go to state 6
    tDOT            shift, and go to state 7
    tTRUE           shift, and go to state 8
    tFALSE          shift, and go to state 9
    tNOT            shift, and go to state 10
    tNOTHING        shift, and go to state 11
    tEMPTY          shift, and go to state 12
    tNULL           shift, and go to state 13
    tNEW            shift, and go to state 14
    tIdentifier     shift, and go to state 15
    tString         shift, and go to state 16
    tDEFAULT        shift, and go to state 17
    tERROR          shift, and go to state 18
    tEXPLICIT       shift, and go to state 19
    tPROPERTY       shift, and go to state 20
    tSTEP           shift, and go to state 21
    tInt            shift, and go to state 22
    tDouble         shift, and go to state 23
    tDate           shift, and go to state 24
    '='             shift, and go to state 180
    '0'             shift, and go to state 25
    '.'             shift, and go to state 81
    ','             shift, and go to state 137
    '('             shift, and go to state 82
    '-'             shift, and go to state 26
    '+'             shift, and go to state 27

    $default  reduce using rule 99 (ArgumentList_opt)

    MemberExpression          go to state 29
    Arguments                 go to state 83
    ArgumentList_opt          go to state 181
    ArgumentList              go to state 182
    Expression                go to state 139
    EqvExpression             go to state 31
    XorExpression             go to state 32
    OrExpression              go to state 33
    AndExpression             go to state 34
    NotExpression             go to state 35
    EqualityExpression        go to state 36
    ConcatExpression          go to state 37
    AdditiveExpression        go to state 38
    ModExpression             go to state 39
    IntdivExpression          go to state 40
    MultiplicativeExpression  go to state 41
    ExpExpression             go to state 42
    SignExpression            go to state 43
    UnaryExpression           go to state 44
    CallExpression            go to state 45
    LiteralExpression         go to state 46
    NumericLiteralExpression  go to state 47
    PrimaryExpression         go to state 48
    Identifier                go to state 49


State 111

    8 SourceElements: SourceElements ClassDeclaration •

    $default  reduce using rule 8 (SourceElements)


State 112

   38 SimpleStatement: FunctionDecl •

    $default  reduce using rule 38 (SimpleStatement)


State 113

  179 FunctionDecl: Storage_opt • tSUB Identifier StSep BodyStatements tEND tSUB
  180             | Storage_opt • tSUB Identifier ArgumentsDecl Nl_opt BodyStatements tEND tSUB
  181             | Storage_opt • tFUNCTION Identifier StSep BodyStatements tEND tFUNCTION
  182             | Storage_opt • tFUNCTION Identifier ArgumentsDecl Nl_opt BodyStatements tEND tFUNCTION

    tSUB       shift, and go to state 183
    tFUNCTION  shift, and go to state 184


State 114

  184 Storage_opt: Storage •

    $default  reduce using rule 184 (Storage_opt)


State 115

  164 PrimaryExpression: tEXPRLBRACKET Expression ')' •

    $default  reduce using rule 164 (PrimaryExpression)


State 116

  109 Expression: Expression tIMP EqvExpression •
  111 EqvExpression: EqvExpression • tEQV XorExpression

    tEQV  shift, and go to state 61

    $default  reduce using rule 109 (Expression)


State 117

  111 EqvExpression: EqvExpression tEQV XorExpression •
  113 XorExpression: XorExpression • tXOR OrExpression

    tXOR  shift, and go to state 62

    $default  reduce using rule 111 (EqvExpression)


State 118

  113 XorExpression: XorExpression tXOR OrExpression •
  115 OrExpression: OrExpression • tOR AndExpression

    tOR  shift, and go to state 63

    $default  reduce using rule 113 (XorExpression)


State 119

  115 OrExpression: OrExpression tOR AndExpression •
  117 AndExpression: AndExpression • tAND NotExpression

    tAND  shift, and go to state 64

    $default  reduce using rule 115 (OrExpression)


State 120

  117 AndExpression: AndExpression tAND NotExpression •

    $default  reduce using rule 117 (AndExpression)


State 121

  126 EqualityExpression: EqualityExpression tLTEQ ConcatExpression •
  129 ConcatExpression: ConcatExpression • '&' AdditiveExpression

    '&'  shift, and go to state 72

    $default  reduce using rule 126 (EqualityExpression)


State 122

  125 EqualityExpression: EqualityExpression tGTEQ ConcatExpression •
  129 ConcatExpression: ConcatExpression • '&' AdditiveExpression

    '&'  shift, and go to state 72

    $default  reduce using rule 125 (EqualityExpression)


State 123

  122 EqualityExpression: EqualityExpression tNEQ ConcatExpression •
  129 ConcatExpression: ConcatExpression • '&' AdditiveExpression

    '&'  shift, and go to state 72

    $default  reduce using rule 122 (EqualityExpression)


State 124

  127 EqualityExpression: EqualityExpression tIS ConcatExpression •
  129 ConcatExpression: ConcatExpression • '&' AdditiveExpression

    '&'  shift, and go to state 72

    $default  reduce using rule 127 (EqualityExpression)


State 125

  121 EqualityExpression: EqualityExpression '=' ConcatExpression •
  129 ConcatExpression: ConcatExpression • '&' AdditiveExpression

    '&'  shift, and go to state 72

    $default  reduce using rule 121 (EqualityExpression)


State 126

  123 EqualityExpression: EqualityExpression '>' ConcatExpression •
  129 ConcatExpression: ConcatExpression • '&' AdditiveExpression

    '&'  shift, and go to state 72

    $default  reduce using rule 123 (EqualityExpression)


State 127

  124 EqualityExpression: EqualityExpression '<' ConcatExpression •
  129 ConcatExpression: ConcatExpression • '&' AdditiveExpression

    '&'  shift, and go to state 72

    $default  reduce using rule 124 (EqualityExpression)


State 128

  129 ConcatExpression: ConcatExpression '&' AdditiveExpression •
  131 AdditiveExpression: AdditiveExpression • '+' ModExpression
  132                   | AdditiveExpression • '-' ModExpression

    '-'  shift, and go to state 73
    '+'  shift, and go to state 74

    $default  reduce using rule 129 (ConcatExpression)


State 129

  132 AdditiveExpression: AdditiveExpression '-' ModExpression •
  134 ModExpression: ModExpression • tMOD IntdivExpression

    tMOD  shift, and go to state 75

    $default  reduce using rule 132 (AdditiveExpression)


State 130

  131 AdditiveExpression: AdditiveExpression '+' ModExpression •
  134 ModExpression: ModExpression • tMOD IntdivExpression

    tMOD  shift, and go to state 75

    $default  reduce using rule 131 (AdditiveExpression)


State 131

  134 ModExpression: ModExpression tMOD IntdivExpression •
  136 IntdivExpression: IntdivExpression • '\\' MultiplicativeExpression

    '\\'  shift, and go to state 76

    $default  reduce using rule 134 (ModExpression)


State 132

  136 IntdivExpression: IntdivExpression '\\' MultiplicativeExpression •
  138 MultiplicativeExpression: MultiplicativeExpression • '*' ExpExpression
  139                         | MultiplicativeExpression • '/' ExpExpression

    '*'  shift, and go to state 77
    '/'  shift, and go to state 78

    $default  reduce using rule 136 (IntdivExpression)


State 133

  138 MultiplicativeExpression: MultiplicativeExpression '*' ExpExpression •
  141 ExpExpression: ExpExpression • '^' SignExpression

    '^'  shift, and go to state 79

    $default  reduce using rule 138 (MultiplicativeExpression)


State 134

  139 MultiplicativeExpression: MultiplicativeExpression '/' ExpExpression •
  141 ExpExpression: ExpExpression • '^' SignExpression

    '^'  shift, and go to state 79

    $default  reduce using rule 139 (MultiplicativeExpression)


State 135

  141 ExpExpression: ExpExpression '^' SignExpression •

    $default  reduce using rule 141 (ExpExpression)


State 136

   54 MemberExpression: CallExpression '.' tIdentifier •

    $default  reduce using rule 54 (MemberExpression)


State 137

  103 ArgumentList: ',' • ArgumentList

    tEXPRLBRACKET  shift, and go to state 5
    tME            shift, and go to state 6
    tDOT           shift, and go to state 7
    tTRUE          shift, and go to state 8
    tFALSE         shift, and go to state 9
    tNOT           shift, and go to state 10
    tNOTHING       shift, and go to state 11
    tEMPTY         shift, and go to state 12
    tNULL          shift, and go to state 13
    tNEW           shift, and go to state 14
    tIdentifier    shift, and go to state 15
    tString        shift, and go to state 16
    tDEFAULT       shift, and go to state 17
    tERROR         shift, and go to state 18
    tEXPLICIT      shift, and go to state 19
    tPROPERTY      shift, and go to state 20
    tSTEP          shift, and go to state 21
    tInt           shift, and go to state 22
    tDouble        shift, and go to state 23
    tDate          shift, and go to state 24
    '0'            shift, and go to state 25
    ','            shift, and go to state 137
    '-'            shift, and go to state 26
    '+'            shift, and go to state 27

    MemberExpression          go to state 29
    ArgumentList              go to state 185
    Expression                go to state 139
    EqvExpression             go to state 31
    XorExpression             go to state 32
    OrExpression              go to state 33
    AndExpression             go to state 34
    NotExpression             go to state 35
    EqualityExpression        go to state 36
    ConcatExpression          go to state 37
    AdditiveExpression        go to state 38
    ModExpression             go to state 39
    IntdivExpression          go to state 40
    MultiplicativeExpression  go to state 41
    ExpExpression             go to state 42
    SignExpression            go to state 43
    UnaryExpression           go to state 44
    CallExpression            go to state 45
    LiteralExpression         go to state 46
    NumericLiteralExpression  go to state 47
    PrimaryExpression         go to state 48
    Identifier                go to state 49


State 138

   98 Arguments: '(' ArgumentList • ')'

    ')'  shift, and go to state 186


State 139

  101 ArgumentList: Expression •
  102             | Expression • ',' ArgumentList
  109 Expression: Expression • tIMP EqvExpression

    tIMP  shift, and go to state 60
    ','   shift, and go to state 187

    $default  reduce using rule 101 (ArgumentList)


State 140

  213 StSep: tNL StSep •

    $default  reduce using rule 213 (StSep)


State 141

  214 StSep: ':' StSep •

    $default  reduce using rule 214 (StSep)


State 142

   29 SimpleStatement: tCALL UnaryExpression •

    $default  reduce using rule 29 (SimpleStatement)


State 143

   48 SimpleStatement: tCONST ConstDeclList •

    $default  reduce using rule 48 (SimpleStatement)


State 144

   73 ConstDeclList: ConstDecl •
   74              | ConstDecl • ',' ConstDeclList

    ','  shift, and go to state 188

    $default  reduce using rule 73 (ConstDeclList)


State 145

   75 ConstDecl: Identifier • '=' ConstExpression

    '='  shift, and go to state 189


State 146

   31 SimpleStatement: tDIM DimDeclList •

    $default  reduce using rule 31 (SimpleStatement)


State 147

   66 DimDeclList: DimDecl •
   67            | DimDecl • ',' DimDeclList

    ','  shift, and go to state 190

    $default  reduce using rule 66 (DimDeclList)


State 148

   68 DimDecl: Identifier •
   69        | Identifier • '(' DimList ')'
   70        | Identifier • tEMPTYBRACKETS

    tEMPTYBRACKETS  shift, and go to state 191
    '('             shift, and go to state 192

    $default  reduce using rule 68 (DimDecl)


State 149

   57 Preserve_opt: tPRESERVE •

    $default  reduce using rule 57 (Preserve_opt)


State 150

   32 SimpleStatement: tREDIM Preserve_opt • ReDimDeclList

    tIdentifier  shift, and go to state 193

    ReDimDecl      go to state 194
    ReDimDeclList  go to state 195


State 151

   82 IfStatement: tIF Expression • tTHEN tNL StatementsNl_opt ElseIfs_opt Else_opt tEND tIF
   83            | tIF Expression • tTHEN Statement EndIf_opt
   84            | tIF Expression • tTHEN Statement tELSE Statement EndIf_opt
  109 Expression: Expression • tIMP EqvExpression

    tIMP   shift, and go to state 60
    tTHEN  shift, and go to state 196


State 152

   43 SimpleStatement: tEXIT tSUB •

    $default  reduce using rule 43 (SimpleStatement)


State 153

   41 SimpleStatement: tEXIT tFUNCTION •

    $default  reduce using rule 41 (SimpleStatement)


State 154

   39 SimpleStatement: tEXIT tDO •

    $default  reduce using rule 39 (SimpleStatement)


State 155

   40 SimpleStatement: tEXIT tFOR •

    $default  reduce using rule 40 (SimpleStatement)


State 156

   42 SimpleStatement: tEXIT tPROPERTY •

    $default  reduce using rule 42 (SimpleStatement)


State 157

   34 SimpleStatement: tWHILE Expression • StSep StatementsNl_opt tWEND
  109 Expression: Expression • tIMP EqvExpression

    tNL   shift, and go to state 84
    tIMP  shift, and go to state 60
    ':'   shift, and go to state 85

    StSep  go to state 197


State 158

   78 DoType: tWHILE •

    $default  reduce using rule 78 (DoType)


State 159

   79 DoType: tUNTIL •

    $default  reduce using rule 79 (DoType)


State 160

   35 SimpleStatement: tDO DoType • Expression StSep StatementsNl_opt tLOOP

    tEXPRLBRACKET  shift, and go to state 5
    tME            shift, and go to state 6
    tDOT           shift, and go to state 7
    tTRUE          shift, and go to state 8
    tFALSE         shift, and go to state 9
    tNOT           shift, and go to state 10
    tNOTHING       shift, and go to state 11
    tEMPTY         shift, and go to state 12
    tNULL          shift, and go to state 13
    tNEW           shift, and go to state 14
    tIdentifier    shift, and go to state 15
    tString        shift, and go to state 16
    tDEFAULT       shift, and go to state 17
    tERROR         shift, and go to state 18
    tEXPLICIT      shift, and go to state 19
    tPROPERTY      shift, and go to state 20
    tSTEP          shift, and go to state 21
    tInt           shift, and go to state 22
    tDouble        shift, and go to state 23
    tDate          shift, and go to state 24
    '0'            shift, and go to state 25
    '-'            shift, and go to state 26
    '+'            shift, and go to state 27

    MemberExpression          go to state 29
    Expression                go to state 198
    EqvExpression             go to state 31
    XorExpression             go to state 32
    OrExpression              go to state 33
    AndExpression             go to state 34
    NotExpression             go to state 35
    EqualityExpression        go to state 36
    ConcatExpression          go to state 37
    AdditiveExpression        go to state 38
    ModExpression             go to state 39
    IntdivExpression          go to state 40
    MultiplicativeExpression  go to state 41
    ExpExpression             go to state 42
    SignExpression            go to state 43
    UnaryExpression           go to state 44
    CallExpression            go to state 45
    LiteralExpression         go to state 46
    NumericLiteralExpression  go to state 47
    PrimaryExpression         go to state 48
    Identifier                go to state 49


State 161

   36 SimpleStatement: tDO StSep • StatementsNl_opt tLOOP DoType Expression
   37                | tDO StSep • StatementsNl_opt tLOOP

    tEXPRLBRACKET  shift, and go to state 5
    tSTOP          shift, and go to state 87
    tME            shift, and go to state 6
    tDOT           shift, and go to state 7
    tCALL          shift, and go to state 88
    tCONST         shift, and go to state 89
    tDIM           shift, and go to state 90
    tREDIM         shift, and go to state 91
    tIF            shift, and go to state 92
    tEXIT          shift, and go to state 93
    tWHILE         shift, and go to state 94
    tDO            shift, and go to state 95
    tFOR           shift, and go to state 96
    tSELECT        shift, and go to state 97
    tWITH          shift, and go to state 98
    tSET           shift, and go to state 100
    tPUBLIC        shift, and go to state 174
    tPRIVATE       shift, and go to state 175
    tON            shift, and go to state 103
    tIdentifier    shift, and go to state 15
    tDEFAULT       shift, and go to state 17
    tERROR         shift, and go to state 18
    tEXPLICIT      shift, and go to state 19
    tPROPERTY      shift, and go to state 20
    tSTEP          shift, and go to state 21

    tLOOP     reduce using rule 18 (StatementsNl_opt)
    $default  reduce using rule 183 (Storage_opt)

    StatementsNl_opt   go to state 199
    StatementsNl       go to state 200
    SimpleStatement    go to state 201
    MemberExpression   go to state 29
    IfStatement        go to state 109
    CallExpression     go to state 110
    PrimaryExpression  go to state 48
    FunctionDecl       go to state 112
    Storage_opt        go to state 113
    Storage            go to state 114
    Identifier         go to state 49


State 162

   50 SimpleStatement: tFOR tEACH • Identifier tIN Expression StSep StatementsNl_opt tNEXT

    tIdentifier  shift, and go to state 15
    tDEFAULT     shift, and go to state 17
    tERROR       shift, and go to state 18
    tEXPLICIT    shift, and go to state 19
    tPROPERTY    shift, and go to state 20
    tSTEP        shift, and go to state 21

    Identifier  go to state 202


State 163

   49 SimpleStatement: tFOR Identifier • '=' Expression tTO Expression Step_opt StSep StatementsNl_opt tNEXT

    '='  shift, and go to state 203


State 164

   51 SimpleStatement: tSELECT tCASE • Expression StSep CaseClausules tEND tSELECT

    tEXPRLBRACKET  shift, and go to state 5
    tME            shift, and go to state 6
    tDOT           shift, and go to state 7
    tTRUE          shift, and go to state 8
    tFALSE         shift, and go to state 9
    tNOT           shift, and go to state 10
    tNOTHING       shift, and go to state 11
    tEMPTY         shift, and go to state 12
    tNULL          shift, and go to state 13
    tNEW           shift, and go to state 14
    tIdentifier    shift, and go to state 15
    tString        shift, and go to state 16
    tDEFAULT       shift, and go to state 17
    tERROR         shift, and go to state 18
    tEXPLICIT      shift, and go to state 19
    tPROPERTY      shift, and go to state 20
    tSTEP          shift, and go to state 21
    tInt           shift, and go to state 22
    tDouble        shift, and go to state 23
    tDate          shift, and go to state 24
    '0'            shift, and go to state 25
    '-'            shift, and go to state 26
    '+'            shift, and go to state 27

    MemberExpression          go to state 29
    Expression                go to state 204
    EqvExpression             go to state 31
    XorExpression             go to state 32
    OrExpression              go to state 33
    AndExpression             go to state 34
    NotExpression             go to state 35
    EqualityExpression        go to state 36
    ConcatExpression          go to state 37
    AdditiveExpression        go to state 38
    ModExpression             go to state 39
    IntdivExpression          go to state 40
    MultiplicativeExpression  go to state 41
    ExpExpression             go to state 42
    SignExpression            go to state 43
    UnaryExpression           go to state 44
    CallExpression            go to state 45
    LiteralExpression         go to state 46
    NumericLiteralExpression  go to state 47
    PrimaryExpression         go to state 48
    Identifier                go to state 49


State 165

   52 SimpleStatement: tWITH Expression • StSep StatementsNl_opt tEND tWITH
  109 Expression: Expression • tIMP EqvExpression

    tNL   shift, and go to state 84
    tIMP  shift, and go to state 60
    ':'   shift, and go to state 85

    StSep  go to state 205


State 166

  166 ClassDeclaration: tCLASS Identifier • StSep ClassBody tEND tCLASS StSep

    tNL  shift, and go to state 84
    ':'  shift, and go to state 85

    StSep  go to state 206


State 167

   44 SimpleStatement: tSET CallExpression • '=' Expression
   54 MemberExpression: CallExpression • '.' tIdentifier
  150 CallExpression: CallExpression • Arguments

    tEMPTYBRACKETS  shift, and go to state 80
    '='             shift, and go to state 207
    '.'             shift, and go to state 81
    '('             shift, and go to state 82

    Arguments  go to state 83


State 168

   10 GlobalDimDeclaration: tPUBLIC tCONST • ConstDeclList

    tIdentifier  shift, and go to state 15
    tDEFAULT     shift, and go to state 17
    tERROR       shift, and go to state 18
    tEXPLICIT    shift, and go to state 19
    tPROPERTY    shift, and go to state 20
    tSTEP        shift, and go to state 21

    ConstDeclList  go to state 208
    ConstDecl      go to state 144
    Identifier     go to state 145


State 169

  185 Storage: tPUBLIC tDEFAULT •
  202 Identifier: tDEFAULT •

    tSUB       reduce using rule 185 (Storage)
    tFUNCTION  reduce using rule 185 (Storage)
    $default   reduce using rule 202 (Identifier)


State 170

   12 GlobalDimDeclaration: tPUBLIC DimDeclList •

    $default  reduce using rule 12 (GlobalDimDeclaration)


State 171

    9 GlobalDimDeclaration: tPRIVATE tCONST • ConstDeclList

    tIdentifier  shift, and go to state 15
    tDEFAULT     shift, and go to state 17
    tERROR       shift, and go to state 18
    tEXPLICIT    shift, and go to state 19
    tPROPERTY    shift, and go to state 20
    tSTEP        shift, and go to state 21

    ConstDeclList  go to state 209
    ConstDecl      go to state 144
    Identifier     go to state 145


State 172

   11 GlobalDimDeclaration: tPRIVATE DimDeclList •

    $default  reduce using rule 11 (GlobalDimDeclaration)


State 173

   46 SimpleStatement: tON tERROR • tRESUME tNEXT
   47                | tON tERROR • tGOTO '0'

    tRESUME  shift, and go to state 210
    tGOTO    shift, and go to state 211


State 174

  185 Storage: tPUBLIC • tDEFAULT
  186        | tPUBLIC •

    tDEFAULT  shift, and go to state 212

    $default  reduce using rule 186 (Storage)


State 175

  187 Storage: tPRIVATE •

    $default  reduce using rule 187 (Storage)


State 176

   24 Statement: ':' Statement •

    $default  reduce using rule 24 (Statement)


State 177

    6 SourceElements: SourceElements GlobalDimDeclaration StSep •

    $default  reduce using rule 6 (SourceElements)


State 178

   22 StatementNl: Statement tNL •

    $default  reduce using rule 22 (StatementNl)


State 179

   26 Statement: SimpleStatement ':' • Statement
   27          | SimpleStatement ':' •

    tEXPRLBRACKET  shift, and go to state 5
    tSTOP          shift, and go to state 87
    tME            shift, and go to state 6
    tDOT           shift, and go to state 7
    tCALL          shift, and go to state 88
    tCONST         shift, and go to state 89
    tDIM           shift, and go to state 90
    tREDIM         shift, and go to state 91
    tIF            shift, and go to state 92
    tEXIT          shift, and go to state 93
    tWHILE         shift, and go to state 94
    tDO            shift, and go to state 95
    tFOR           shift, and go to state 96
    tSELECT        shift, and go to state 97
    tWITH          shift, and go to state 98
    tSET           shift, and go to state 100
    tPUBLIC        shift, and go to state 174
    tPRIVATE       shift, and go to state 175
    tON            shift, and go to state 103
    tIdentifier    shift, and go to state 15
    tDEFAULT       shift, and go to state 17
    tERROR         shift, and go to state 18
    tEXPLICIT      shift, and go to state 19
    tPROPERTY      shift, and go to state 20
    tSTEP          shift, and go to state 21
    ':'            shift, and go to state 104

    tSUB       reduce using rule 183 (Storage_opt)
    tFUNCTION  reduce using rule 183 (Storage_opt)
    ':'        [reduce using rule 27 (Statement)]
    $default   reduce using rule 27 (Statement)

    Statement          go to state 213
    SimpleStatement    go to state 108
    MemberExpression   go to state 29
    IfStatement        go to state 109
    CallExpression     go to state 110
    PrimaryExpression  go to state 48
    FunctionDecl       go to state 112
    Storage_opt        go to state 113
    Storage            go to state 114
    Identifier         go to state 49


State 180

   30 SimpleStatement: CallExpression '=' • Expression

    tEXPRLBRACKET  shift, and go to state 5
    tME            shift, and go to state 6
    tDOT           shift, and go to state 7
    tTRUE          shift, and go to state 8
    tFALSE         shift, and go to state 9
    tNOT           shift, and go to state 10
    tNOTHING       shift, and go to state 11
    tEMPTY         shift, and go to state 12
    tNULL          shift, and go to state 13
    tNEW           shift, and go to state 14
    tIdentifier    shift, and go to state 15
    tString        shift, and go to state 16
    tDEFAULT       shift, and go to state 17
    tERROR         shift, and go to state 18
    tEXPLICIT      shift, and go to state 19
    tPROPERTY      shift, and go to state 20
    tSTEP          shift, and go to state 21
    tInt           shift, and go to state 22
    tDouble        shift, and go to state 23
    tDate          shift, and go to state 24
    '0'            shift, and go to state 25
    '-'            shift, and go to state 26
    '+'            shift, and go to state 27

    MemberExpression          go to state 29
    Expression                go to state 214
    EqvExpression             go to state 31
    XorExpression             go to state 32
    OrExpression              go to state 33
    AndExpression             go to state 34
    NotExpression             go to state 35
    EqualityExpression        go to state 36
    ConcatExpression          go to state 37
    AdditiveExpression        go to state 38
    ModExpression             go to state 39
    IntdivExpression          go to state 40
    MultiplicativeExpression  go to state 41
    ExpExpression             go to state 42
    SignExpression            go to state 43
    UnaryExpression           go to state 44
    CallExpression            go to state 45
    LiteralExpression         go to state 46
    NumericLiteralExpression  go to state 47
    PrimaryExpression         go to state 48
    Identifier                go to state 49


State 181

   28 SimpleStatement: CallExpression ArgumentList_opt •

    $default  reduce using rule 28 (SimpleStatement)


State 182

  100 ArgumentList_opt: ArgumentList •

    $default  reduce using rule 100 (ArgumentList_opt)


State 183

  179 FunctionDecl: Storage_opt tSUB • Identifier StSep BodyStatements tEND tSUB
  180             | Storage_opt tSUB • Identifier ArgumentsDecl Nl_opt BodyStatements tEND tSUB

    tIdentifier  shift, and go to state 15
    tDEFAULT     shift, and go to state 17
    tERROR       shift, and go to state 18
    tEXPLICIT    shift, and go to state 19
    tPROPERTY    shift, and go to state 20
    tSTEP        shift, and go to state 21

    Identifier  go to state 215


State 184

  181 FunctionDecl: Storage_opt tFUNCTION • Identifier StSep BodyStatements tEND tFUNCTION
  182             | Storage_opt tFUNCTION • Identifier ArgumentsDecl Nl_opt BodyStatements tEND tFUNCTION

    tIdentifier  shift, and go to state 15
    tDEFAULT     shift, and go to state 17
    tERROR       shift, and go to state 18
    tEXPLICIT    shift, and go to state 19
    tPROPERTY    shift, and go to state 20
    tSTEP        shift, and go to state 21

    Identifier  go to state 216


State 185

  103 ArgumentList: ',' ArgumentList •

    $default  reduce using rule 103 (ArgumentList)


State 186

   98 Arguments: '(' ArgumentList ')' •

    $default  reduce using rule 98 (Arguments)


State 187

  102 ArgumentList: Expression ',' • ArgumentList

    tEXPRLBRACKET  shift, and go to state 5
    tME            shift, and go to state 6
    tDOT           shift, and go to state 7
    tTRUE          shift, and go to state 8
    tFALSE         shift, and go to state 9
    tNOT           shift, and go to state 10
    tNOTHING       shift, and go to state 11
    tEMPTY         shift, and go to state 12
    tNULL          shift, and go to state 13
    tNEW           shift, and go to state 14
    tIdentifier    shift, and go to state 15
    tString        shift, and go to state 16
    tDEFAULT       shift, and go to state 17
    tERROR         shift, and go to state 18
    tEXPLICIT      shift, and go to state 19
    tPROPERTY      shift, and go to state 20
    tSTEP          shift, and go to state 21
    tInt           shift, and go to state 22
    tDouble        shift, and go to state 23
    tDate          shift, and go to state 24
    '0'            shift, and go to state 25
    ','            shift, and go to state 137
    '-'            shift, and go to state 26
    '+'            shift, and go to state 27

    MemberExpression          go to state 29
    ArgumentList              go to state 217
    Expression                go to state 139
    EqvExpression             go to state 31
    XorExpression             go to state 32
    OrExpression              go to state 33
    AndExpression             go to state 34
    NotExpression             go to state 35
    EqualityExpression        go to state 36
    ConcatExpression          go to state 37
    AdditiveExpression        go to state 38
    ModExpression             go to state 39
    IntdivExpression          go to state 40
    MultiplicativeExpression  go to state 41
    ExpExpression             go to state 42
    SignExpression            go to state 43
    UnaryExpression           go to state 44
    CallExpression            go to state 45
    LiteralExpression         go to state 46
    NumericLiteralExpression  go to state 47
    PrimaryExpression         go to state 48
    Identifier                go to state 49


State 188

   74 ConstDeclList: ConstDecl ',' • ConstDeclList

    tIdentifier  shift, and go to state 15
    tDEFAULT     shift, and go to state 17
    tERROR       shift, and go to state 18
    tEXPLICIT    shift, and go to state 19
    tPROPERTY    shift, and go to state 20
    tSTEP        shift, and go to state 21

    ConstDeclList  go to state 218
    ConstDecl      go to state 144
    Identifier     go to state 145


State 189

   75 ConstDecl: Identifier '=' • ConstExpression

    tTRUE     shift, and go to state 8
    tFALSE    shift, and go to state 9
    tNOTHING  shift, and go to state 11
    tEMPTY    shift, and go to state 12
    tNULL     shift, and go to state 13
    tString   shift, and go to state 16
    tInt      shift, and go to state 22
    tDouble   shift, and go to state 23
    tDate     shift, and go to state 24
    '0'       shift, and go to state 25
    '-'       shift, and go to state 219

    ConstExpression           go to state 220
    LiteralExpression         go to state 221
    NumericLiteralExpression  go to state 47


State 190

   67 DimDeclList: DimDecl ',' • DimDeclList

    tIdentifier  shift, and go to state 15
    tDEFAULT     shift, and go to state 17
    tERROR       shift, and go to state 18
    tEXPLICIT    shift, and go to state 19
    tPROPERTY    shift, and go to state 20
    tSTEP        shift, and go to state 21

    DimDeclList  go to state 222
    DimDecl      go to state 147
    Identifier   go to state 148


State 191

   70 DimDecl: Identifier tEMPTYBRACKETS •

    $default  reduce using rule 70 (DimDecl)


State 192

   69 DimDecl: Identifier '(' • DimList ')'

    tInt  shift, and go to state 223
    '0'   shift, and go to state 224

    DimList       go to state 225
    IntegerValue  go to state 226


State 193

   63 ReDimDecl: tIdentifier • '(' ArgumentList ')'

    '('  shift, and go to state 227


State 194

   64 ReDimDeclList: ReDimDecl •
   65              | ReDimDecl • ',' ReDimDeclList

    ','  shift, and go to state 228

    $default  reduce using rule 64 (ReDimDeclList)


State 195

   32 SimpleStatement: tREDIM Preserve_opt ReDimDeclList •

    $default  reduce using rule 32 (SimpleStatement)


State 196

   82 IfStatement: tIF Expression tTHEN • tNL StatementsNl_opt ElseIfs_opt Else_opt tEND tIF
   83            | tIF Expression tTHEN • Statement EndIf_opt
   84            | tIF Expression tTHEN • Statement tELSE Statement EndIf_opt

    tNL            shift, and go to state 229
    tEXPRLBRACKET  shift, and go to state 5
    tSTOP          shift, and go to state 87
    tME            shift, and go to state 6
    tDOT           shift, and go to state 7
    tCALL          shift, and go to state 88
    tCONST         shift, and go to state 89
    tDIM           shift, and go to state 90
    tREDIM         shift, and go to state 91
    tIF            shift, and go to state 92
    tEXIT          shift, and go to state 93
    tWHILE         shift, and go to state 94
    tDO            shift, and go to state 95
    tFOR           shift, and go to state 96
    tSELECT        shift, and go to state 97
    tWITH          shift, and go to state 98
    tSET           shift, and go to state 100
    tPUBLIC        shift, and go to state 174
    tPRIVATE       shift, and go to state 175
    tON            shift, and go to state 103
    tIdentifier    shift, and go to state 15
    tDEFAULT       shift, and go to state 17
    tERROR         shift, and go to state 18
    tEXPLICIT      shift, and go to state 19
    tPROPERTY      shift, and go to state 20
    tSTEP          shift, and go to state 21
    ':'            shift, and go to state 104

    $default  reduce using rule 183 (Storage_opt)

    Statement          go to state 230
    SimpleStatement    go to state 108
    MemberExpression   go to state 29
    IfStatement        go to state 109
    CallExpression     go to state 110
    PrimaryExpression  go to state 48
    FunctionDecl       go to state 112
    Storage_opt        go to state 113
    Storage            go to state 114
    Identifier         go to state 49


State 197

   34 SimpleStatement: tWHILE Expression StSep • StatementsNl_opt tWEND

    tEXPRLBRACKET  shift, and go to state 5
    tSTOP          shift, and go to state 87
    tME            shift, and go to state 6
    tDOT           shift, and go to state 7
    tCALL          shift, and go to state 88
    tCONST         shift, and go to state 89
    tDIM           shift, and go to state 90
    tREDIM         shift, and go to state 91
    tIF            shift, and go to state 92
    tEXIT          shift, and go to state 93
    tWHILE         shift, and go to state 94
    tDO            shift, and go to state 95
    tFOR           shift, and go to state 96
    tSELECT        shift, and go to state 97
    tWITH          shift, and go to state 98
    tSET           shift, and go to state 100
    tPUBLIC        shift, and go to state 174
    tPRIVATE       shift, and go to state 175
    tON            shift, and go to state 103
    tIdentifier    shift, and go to state 15
    tDEFAULT       shift, and go to state 17
    tERROR         shift, and go to state 18
    tEXPLICIT      shift, and go to state 19
    tPROPERTY      shift, and go to state 20
    tSTEP          shift, and go to state 21

    tWEND     reduce using rule 18 (StatementsNl_opt)
    $default  reduce using rule 183 (Storage_opt)

    StatementsNl_opt   go to state 231
    StatementsNl       go to state 200
    SimpleStatement    go to state 201
    MemberExpression   go to state 29
    IfStatement        go to state 109
    CallExpression     go to state 110
    PrimaryExpression  go to state 48
    FunctionDecl       go to state 112
    Storage_opt        go to state 113
    Storage            go to state 114
    Identifier         go to state 49


State 198

   35 SimpleStatement: tDO DoType Expression • StSep StatementsNl_opt tLOOP
  109 Expression: Expression • tIMP EqvExpression

    tNL   shift, and go to state 84
    tIMP  shift, and go to state 60
    ':'   shift, and go to state 85

    StSep  go to state 232


State 199

   36 SimpleStatement: tDO StSep StatementsNl_opt • tLOOP DoType Expression
   37                | tDO StSep StatementsNl_opt • tLOOP

    tLOOP  shift, and go to state 233


State 200

   19 StatementsNl_opt: StatementsNl •

    $default  reduce using rule 19 (StatementsNl_opt)


State 201

   20 StatementsNl: SimpleStatement • StSep
   21             | SimpleStatement • StSep StatementsNl

    tNL  shift, and go to state 84
    ':'  shift, and go to state 85

    StSep  go to state 234


State 202

   50 SimpleStatement: tFOR tEACH Identifier • tIN Expression StSep StatementsNl_opt tNEXT

    tIN  shift, and go to state 235


State 203

   49 SimpleStatement: tFOR Identifier '=' • Expression tTO Expression Step_opt StSep StatementsNl_opt tNEXT

    tEXPRLBRACKET  shift, and go to state 5
    tME            shift, and go to state 6
    tDOT           shift, and go to state 7
    tTRUE          shift, and go to state 8
    tFALSE         shift, and go to state 9
    tNOT           shift, and go to state 10
    tNOTHING       shift, and go to state 11
    tEMPTY         shift, and go to state 12
    tNULL          shift, and go to state 13
    tNEW           shift, and go to state 14
    tIdentifier    shift, and go to state 15
    tString        shift, and go to state 16
    tDEFAULT       shift, and go to state 17
    tERROR         shift, and go to state 18
    tEXPLICIT      shift, and go to state 19
    tPROPERTY      shift, and go to state 20
    tSTEP          shift, and go to state 21
    tInt           shift, and go to state 22
    tDouble        shift, and go to state 23
    tDate          shift, and go to state 24
    '0'            shift, and go to state 25
    '-'            shift, and go to state 26
    '+'            shift, and go to state 27

    MemberExpression          go to state 29
    Expression                go to state 236
    EqvExpression             go to state 31
    XorExpression             go to state 32
    OrExpression              go to state 33
    AndExpression             go to state 34
    NotExpression             go to state 35
    EqualityExpression        go to state 36
    ConcatExpression          go to state 37
    AdditiveExpression        go to state 38
    ModExpression             go to state 39
    IntdivExpression          go to state 40
    MultiplicativeExpression  go to state 41
    ExpExpression             go to state 42
    SignExpression            go to state 43
    UnaryExpression           go to state 44
    CallExpression            go to state 45
    LiteralExpression         go to state 46
    NumericLiteralExpression  go to state 47
    PrimaryExpression         go to state 48
    Identifier                go to state 49


State 204

   51 SimpleStatement: tSELECT tCASE Expression • StSep CaseClausules tEND tSELECT
  109 Expression: Expression • tIMP EqvExpression

    tNL   shift, and go to state 84
    tIMP  shift, and go to state 60
    ':'   shift, and go to state 85

    StSep  go to state 237


State 205

   52 SimpleStatement: tWITH Expression StSep • StatementsNl_opt tEND tWITH

    tEXPRLBRACKET  shift, and go to state 5
    tSTOP          shift, and go to state 87
    tME            shift, and go to state 6
    tDOT           shift, and go to state 7
    tCALL          shift, and go to state 88
    tCONST         shift, and go to state 89
    tDIM           shift, and go to state 90
    tREDIM         shift, and go to state 91
    tIF            shift, and go to state 92
    tEXIT          shift, and go to state 93
    tWHILE         shift, and go to state 94
    tDO            shift, and go to state 95
    tFOR           shift, and go to state 96
    tSELECT        shift, and go to state 97
    tWITH          shift, and go to state 98
    tSET           shift, and go to state 100
    tPUBLIC        shift, and go to state 174
    tPRIVATE       shift, and go to state 175
    tON            shift, and go to state 103
    tIdentifier    shift, and go to state 15
    tDEFAULT       shift, and go to state 17
    tERROR         shift, and go to state 18
    tEXPLICIT      shift, and go to state 19
    tPROPERTY      shift, and go to state 20
    tSTEP          shift, and go to state 21

    tEND      reduce using rule 18 (StatementsNl_opt)
    $default  reduce using rule 183 (Storage_opt)

    StatementsNl_opt   go to state 238
    StatementsNl       go to state 200
    SimpleStatement    go to state 201
    MemberExpression   go to state 29
    IfStatement        go to state 109
    CallExpression     go to state 110
    PrimaryExpression  go to state 48
    FunctionDecl       go to state 112
    Storage_opt        go to state 113
    Storage            go to state 114
    Identifier         go to state 49


State 206

  166 ClassDeclaration: tCLASS Identifier StSep • ClassBody tEND tCLASS StSep

    tDIM      shift, and go to state 239
    tPUBLIC   shift, and go to state 174
    tPRIVATE  shift, and go to state 175

    tEND      reduce using rule 167 (ClassBody)
    $default  reduce using rule 183 (Storage_opt)

    ClassBody     go to state 240
    PropertyDecl  go to state 241
    FunctionDecl  go to state 242
    Storage_opt   go to state 243
    Storage       go to state 244


State 207

   44 SimpleStatement: tSET CallExpression '=' • Expression

    tEXPRLBRACKET  shift, and go to state 5
    tME            shift, and go to state 6
    tDOT           shift, and go to state 7
    tTRUE          shift, and go to state 8
    tFALSE         shift, and go to state 9
    tNOT           shift, and go to state 10
    tNOTHING       shift, and go to state 11
    tEMPTY         shift, and go to state 12
    tNULL          shift, and go to state 13
    tNEW           shift, and go to state 14
    tIdentifier    shift, and go to state 15
    tString        shift, and go to state 16
    tDEFAULT       shift, and go to state 17
    tERROR         shift, and go to state 18
    tEXPLICIT      shift, and go to state 19
    tPROPERTY      shift, and go to state 20
    tSTEP          shift, and go to state 21
    tInt           shift, and go to state 22
    tDouble        shift, and go to state 23
    tDate          shift, and go to state 24
    '0'            shift, and go to state 25
    '-'            shift, and go to state 26
    '+'            shift, and go to state 27

    MemberExpression          go to state 29
    Expression                go to state 245
    EqvExpression             go to state 31
    XorExpression             go to state 32
    OrExpression              go to state 33
    AndExpression             go to state 34
    NotExpression             go to state 35
    EqualityExpression        go to state 36
    ConcatExpression          go to state 37
    AdditiveExpression        go to state 38
    ModExpression             go to state 39
    IntdivExpression          go to state 40
    MultiplicativeExpression  go to state 41
    ExpExpression             go to state 42
    SignExpression            go to state 43
    UnaryExpression           go to state 44
    CallExpression            go to state 45
    LiteralExpression         go to state 46
    NumericLiteralExpression  go to state 47
    PrimaryExpression         go to state 48
    Identifier                go to state 49


State 208

   10 GlobalDimDeclaration: tPUBLIC tCONST ConstDeclList •

    $default  reduce using rule 10 (GlobalDimDeclaration)


State 209

    9 GlobalDimDeclaration: tPRIVATE tCONST ConstDeclList •

    $default  reduce using rule 9 (GlobalDimDeclaration)


State 210

   46 SimpleStatement: tON tERROR tRESUME • tNEXT

    tNEXT  shift, and go to state 246


State 211

   47 SimpleStatement: tON tERROR tGOTO • '0'

    '0'  shift, and go to state 247


State 212

  185 Storage: tPUBLIC tDEFAULT •

    $default  reduce using rule 185 (Storage)


State 213

   26 Statement: SimpleStatement ':' Statement •

    $default  reduce using rule 26 (Statement)


State 214

   30 SimpleStatement: CallExpression '=' Expression •
  109 Expression: Expression • tIMP EqvExpression

    tIMP  shift, and go to state 60

    $default  reduce using rule 30 (SimpleStatement)


State 215

  179 FunctionDecl: Storage_opt tSUB Identifier • StSep BodyStatements tEND tSUB
  180             | Storage_opt tSUB Identifier • ArgumentsDecl Nl_opt BodyStatements tEND tSUB

    tNL             shift, and go to state 84
    tEMPTYBRACKETS  shift, and go to state 248
    ':'             shift, and go to state 85
    '('             shift, and go to state 249

    ArgumentsDecl  go to state 250
    StSep          go to state 251


State 216

  181 FunctionDecl: Storage_opt tFUNCTION Identifier • StSep BodyStatements tEND tFUNCTION
  182             | Storage_opt tFUNCTION Identifier • ArgumentsDecl Nl_opt BodyStatements tEND tFUNCTION

    tNL             shift, and go to state 84
    tEMPTYBRACKETS  shift, and go to state 248
    ':'             shift, and go to state 85
    '('             shift, and go to state 249

    ArgumentsDecl  go to state 252
    StSep          go to state 253


State 217

  102 ArgumentList: Expression ',' ArgumentList •

    $default  reduce using rule 102 (ArgumentList)


State 218

   74 ConstDeclList: ConstDecl ',' ConstDeclList •

    $default  reduce using rule 74 (ConstDeclList)


State 219

   77 ConstExpression: '-' • NumericLiteralExpression

    tInt     shift, and go to state 22
    tDouble  shift, and go to state 23
    '0'      shift, and go to state 25

    NumericLiteralExpression  go to state 254


State 220

   75 ConstDecl: Identifier '=' ConstExpression •

    $default  reduce using rule 75 (ConstDecl)


State 221

   76 ConstExpression: LiteralExpression •

    $default  reduce using rule 76 (ConstExpression)


State 222

   67 DimDeclList: DimDecl ',' DimDeclList •

    $default  reduce using rule 67 (DimDeclList)


State 223

  163 IntegerValue: tInt •

    $default  reduce using rule 163 (IntegerValue)


State 224

  162 IntegerValue: '0' •

    $default  reduce using rule 162 (IntegerValue)


State 225

   69 DimDecl: Identifier '(' DimList • ')'

    ')'  shift, and go to state 255


State 226

   71 DimList: IntegerValue •
   72        | IntegerValue • ',' DimList

    ','  shift, and go to state 256

    $default  reduce using rule 71 (DimList)


State 227

   63 ReDimDecl: tIdentifier '(' • ArgumentList ')'

    tEXPRLBRACKET  shift, and go to state 5
    tME            shift, and go to state 6
    tDOT           shift, and go to state 7
    tTRUE          shift, and go to state 8
    tFALSE         shift, and go to state 9
    tNOT           shift, and go to state 10
    tNOTHING       shift, and go to state 11
    tEMPTY         shift, and go to state 12
    tNULL          shift, and go to state 13
    tNEW           shift, and go to state 14
    tIdentifier    shift, and go to state 15
    tString        shift, and go to state 16
    tDEFAULT       shift, and go to state 17
    tERROR         shift, and go to state 18
    tEXPLICIT      shift, and go to state 19
    tPROPERTY      shift, and go to state 20
    tSTEP          shift, and go to state 21
    tInt           shift, and go to state 22
    tDouble        shift, and go to state 23
    tDate          shift, and go to state 24
    '0'            shift, and go to state 25
    ','            shift, and go to state 137
    '-'            shift, and go to state 26
    '+'            shift, and go to state 27

    MemberExpression          go to state 29
    ArgumentList              go to state 257
    Expression                go to state 139
    EqvExpression             go to state 31
    XorExpression             go to state 32
    OrExpression              go to state 33
    AndExpression             go to state 34
    NotExpression             go to state 35
    EqualityExpression        go to state 36
    ConcatExpression          go to state 37
    AdditiveExpression        go to state 38
    ModExpression             go to state 39
    IntdivExpression          go to state 40
    MultiplicativeExpression  go to state 41
    ExpExpression             go to state 42
    SignExpression            go to state 43
    UnaryExpression           go to state 44
    CallExpression            go to state 45
    LiteralExpression         go to state 46
    NumericLiteralExpression  go to state 47
    PrimaryExpression         go to state 48
    Identifier                go to state 49


State 228

   65 ReDimDeclList: ReDimDecl ',' • ReDimDeclList

    tIdentifier  shift, and go to state 193

    ReDimDecl      go to state 194
    ReDimDeclList  go to state 258


State 229

   82 IfStatement: tIF Expression tTHEN tNL • StatementsNl_opt ElseIfs_opt Else_opt tEND tIF

    tEXPRLBRACKET  shift, and go to state 5
    tSTOP          shift, and go to state 87
    tME            shift, and go to state 6
    tDOT           shift, and go to state 7
    tCALL          shift, and go to state 88
    tCONST         shift, and go to state 89
    tDIM           shift, and go to state 90
    tREDIM         shift, and go to state 91
    tIF            shift, and go to state 92
    tEXIT          shift, and go to state 93
    tWHILE         shift, and go to state 94
    tDO            shift, and go to state 95
    tFOR           shift, and go to state 96
    tSELECT        shift, and go to state 97
    tWITH          shift, and go to state 98
    tSET           shift, and go to state 100
    tPUBLIC        shift, and go to state 174
    tPRIVATE       shift, and go to state 175
    tON            shift, and go to state 103
    tIdentifier    shift, and go to state 15
    tDEFAULT       shift, and go to state 17
    tERROR         shift, and go to state 18
    tEXPLICIT      shift, and go to state 19
    tPROPERTY      shift, and go to state 20
    tSTEP          shift, and go to state 21

    tSUB       reduce using rule 183 (Storage_opt)
    tFUNCTION  reduce using rule 183 (Storage_opt)
    $default   reduce using rule 18 (StatementsNl_opt)

    StatementsNl_opt   go to state 259
    StatementsNl       go to state 200
    SimpleStatement    go to state 201
    MemberExpression   go to state 29
    IfStatement        go to state 109
    CallExpression     go to state 110
    PrimaryExpression  go to state 48
    FunctionDecl       go to state 112
    Storage_opt        go to state 113
    Storage            go to state 114
    Identifier         go to state 49


State 230

   83 IfStatement: tIF Expression tTHEN Statement • EndIf_opt
   84            | tIF Expression tTHEN Statement • tELSE Statement EndIf_opt

    tELSE  shift, and go to state 260
    tEND   shift, and go to state 261

    tELSE     [reduce using rule 85 (EndIf_opt)]
    tEND      [reduce using rule 85 (EndIf_opt)]
    $default  reduce using rule 85 (EndIf_opt)

    EndIf_opt  go to state 262


State 231

   34 SimpleStatement: tWHILE Expression StSep StatementsNl_opt • tWEND

    tWEND  shift, and go to state 263


State 232

   35 SimpleStatement: tDO DoType Expression StSep • StatementsNl_opt tLOOP

    tEXPRLBRACKET  shift, and go to state 5
    tSTOP          shift, and go to state 87
    tME            shift, and go to state 6
    tDOT           shift, and go to state 7
    tCALL          shift, and go to state 88
    tCONST         shift, and go to state 89
    tDIM           shift, and go to state 90
    tREDIM         shift, and go to state 91
    tIF            shift, and go to state 92
    tEXIT          shift, and go to state 93
    tWHILE         shift, and go to state 94
    tDO            shift, and go to state 95
    tFOR           shift, and go to state 96
    tSELECT        shift, and go to state 97
    tWITH          shift, and go to state 98
    tSET           shift, and go to state 100
    tPUBLIC        shift, and go to state 174
    tPRIVATE       shift, and go to state 175
    tON            shift, and go to state 103
    tIdentifier    shift, and go to state 15
    tDEFAULT       shift, and go to state 17
    tERROR         shift, and go to state 18
    tEXPLICIT      shift, and go to state 19
    tPROPERTY      shift, and go to state 20
    tSTEP          shift, and go to state 21

    tLOOP     reduce using rule 18 (StatementsNl_opt)
    $default  reduce using rule 183 (Storage_opt)

    StatementsNl_opt   go to state 264
    StatementsNl       go to state 200
    SimpleStatement    go to state 201
    MemberExpression   go to state 29
    IfStatement        go to state 109
    CallExpression     go to state 110
    PrimaryExpression  go to state 48
    FunctionDecl       go to state 112
    Storage_opt        go to state 113
    Storage            go to state 114
    Identifier         go to state 49


State 233

   36 SimpleStatement: tDO StSep StatementsNl_opt tLOOP • DoType Expression
   37                | tDO StSep StatementsNl_opt tLOOP •

    tWHILE  shift, and go to state 158
    tUNTIL  shift, and go to state 159

    $default  reduce using rule 37 (SimpleStatement)

    DoType  go to state 265


State 234

   20 StatementsNl: SimpleStatement StSep •
   21             | SimpleStatement StSep • StatementsNl

    tEXPRLBRACKET  shift, and go to state 5
    tSTOP          shift, and go to state 87
    tME            shift, and go to state 6
    tDOT           shift, and go to state 7
    tCALL          shift, and go to state 88
    tCONST         shift, and go to state 89
    tDIM           shift, and go to state 90
    tREDIM         shift, and go to state 91
    tIF            shift, and go to state 92
    tEXIT          shift, and go to state 93
    tWHILE         shift, and go to state 94
    tDO            shift, and go to state 95
    tFOR           shift, and go to state 96
    tSELECT        shift, and go to state 97
    tWITH          shift, and go to state 98
    tSET           shift, and go to state 100
    tPUBLIC        shift, and go to state 174
    tPRIVATE       shift, and go to state 175
    tON            shift, and go to state 103
    tIdentifier    shift, and go to state 15
    tDEFAULT       shift, and go to state 17
    tERROR         shift, and go to state 18
    tEXPLICIT      shift, and go to state 19
    tPROPERTY      shift, and go to state 20
    tSTEP          shift, and go to state 21

    tSUB       reduce using rule 183 (Storage_opt)
    tFUNCTION  reduce using rule 183 (Storage_opt)
    $default   reduce using rule 20 (StatementsNl)

    StatementsNl       go to state 266
    SimpleStatement    go to state 201
    MemberExpression   go to state 29
    IfStatement        go to state 109
    CallExpression     go to state 110
    PrimaryExpression  go to state 48
    FunctionDecl       go to state 112
    Storage_opt        go to state 113
    Storage            go to state 114
    Identifier         go to state 49


State 235

   50 SimpleStatement: tFOR tEACH Identifier tIN • Expression StSep StatementsNl_opt tNEXT

    tEXPRLBRACKET  shift, and go to state 5
    tME            shift, and go to state 6
    tDOT           shift, and go to state 7
    tTRUE          shift, and go to state 8
    tFALSE         shift, and go to state 9
    tNOT           shift, and go to state 10
    tNOTHING       shift, and go to state 11
    tEMPTY         shift, and go to state 12
    tNULL          shift, and go to state 13
    tNEW           shift, and go to state 14
    tIdentifier    shift, and go to state 15
    tString        shift, and go to state 16
    tDEFAULT       shift, and go to state 17
    tERROR         shift, and go to state 18
    tEXPLICIT      shift, and go to state 19
    tPROPERTY      shift, and go to state 20
    tSTEP          shift, and go to state 21
    tInt           shift, and go to state 22
    tDouble        shift, and go to state 23
    tDate          shift, and go to state 24
    '0'            shift, and go to state 25
    '-'            shift, and go to state 26
    '+'            shift, and go to state 27

    MemberExpression          go to state 29
    Expression                go to state 267
    EqvExpression             go to state 31
    XorExpression             go to state 32
    OrExpression              go to state 33
    AndExpression             go to state 34
    NotExpression             go to state 35
    EqualityExpression        go to state 36
    ConcatExpression          go to state 37
    AdditiveExpression        go to state 38
    ModExpression             go to state 39
    IntdivExpression          go to state 40
    MultiplicativeExpression  go to state 41
    ExpExpression             go to state 42
    SignExpression            go to state 43
    UnaryExpression           go to state 44
    CallExpression            go to state 45
    LiteralExpression         go to state 46
    NumericLiteralExpression  go to state 47
    PrimaryExpression         go to state 48
    Identifier                go to state 49


State 236

   49 SimpleStatement: tFOR Identifier '=' Expression • tTO Expression Step_opt StSep StatementsNl_opt tNEXT
  109 Expression: Expression • tIMP EqvExpression

    tIMP  shift, and go to state 60
    tTO   shift, and go to state 268


State 237

   51 SimpleStatement: tSELECT tCASE Expression StSep • CaseClausules tEND tSELECT

    tCASE  shift, and go to state 269

    $default  reduce using rule 94 (CaseClausules)

    CaseClausules  go to state 270


State 238

   52 SimpleStatement: tWITH Expression StSep StatementsNl_opt • tEND tWITH

    tEND  shift, and go to state 271


State 239

  172 ClassBody: tDIM • DimDeclList
  173          | tDIM • DimDeclList StSep ClassBody

    tIdentifier  shift, and go to state 15
    tDEFAULT     shift, and go to state 17
    tERROR       shift, and go to state 18
    tEXPLICIT    shift, and go to state 19
    tPROPERTY    shift, and go to state 20
    tSTEP        shift, and go to state 21

    DimDeclList  go to state 272
    DimDecl      go to state 147
    Identifier   go to state 148


State 240

  166 ClassDeclaration: tCLASS Identifier StSep ClassBody • tEND tCLASS StSep

    tEND  shift, and go to state 273


State 241

  174 ClassBody: PropertyDecl •
  175          | PropertyDecl • StSep ClassBody

    tNL  shift, and go to state 84
    ':'  shift, and go to state 85

    $default  reduce using rule 174 (ClassBody)

    StSep  go to state 274


State 242

  168 ClassBody: FunctionDecl •
  169          | FunctionDecl • StSep ClassBody

    tNL  shift, and go to state 84
    ':'  shift, and go to state 85

    $default  reduce using rule 168 (ClassBody)

    StSep  go to state 275


State 243

  176 PropertyDecl: Storage_opt • tPROPERTY tGET Identifier ArgumentsDecl_opt StSep BodyStatements tEND tPROPERTY
  177             | Storage_opt • tPROPERTY tLET Identifier '(' ArgumentDeclList ')' StSep BodyStatements tEND tPROPERTY
  178             | Storage_opt • tPROPERTY tSET Identifier '(' ArgumentDeclList ')' StSep BodyStatements tEND tPROPERTY
  179 FunctionDecl: Storage_opt • tSUB Identifier StSep BodyStatements tEND tSUB
  180             | Storage_opt • tSUB Identifier ArgumentsDecl Nl_opt BodyStatements tEND tSUB
  181             | Storage_opt • tFUNCTION Identifier StSep BodyStatements tEND tFUNCTION
  182             | Storage_opt • tFUNCTION Identifier ArgumentsDecl Nl_opt BodyStatements tEND tFUNCTION

    tSUB       shift, and go to state 183
    tFUNCTION  shift, and go to state 184
    tPROPERTY  shift, and go to state 276


State 244

  170 ClassBody: Storage • MemberDeclList
  171          | Storage • MemberDeclList StSep ClassBody
  184 Storage_opt: Storage •

    tIdentifier  shift, and go to state 277
    tERROR       shift, and go to state 278
    tEXPLICIT    shift, and go to state 279
    tSTEP        shift, and go to state 280

    $default  reduce using rule 184 (Storage_opt)

    MemberDeclList    go to state 281
    MemberDecl        go to state 282
    MemberIdentifier  go to state 283


State 245

   44 SimpleStatement: tSET CallExpression '=' Expression •
  109 Expression: Expression • tIMP EqvExpression

    tIMP  shift, and go to state 60

    $default  reduce using rule 44 (SimpleStatement)


State 246

   46 SimpleStatement: tON tERROR tRESUME tNEXT •

    $default  reduce using rule 46 (SimpleStatement)


State 247

   47 SimpleStatement: tON tERROR tGOTO '0' •

    $default  reduce using rule 47 (SimpleStatement)


State 248

  190 ArgumentsDecl: tEMPTYBRACKETS •

    $default  reduce using rule 190 (ArgumentsDecl)


State 249

  191 ArgumentsDecl: '(' • ArgumentDeclList ')'

    tBYREF       shift, and go to state 284
    tBYVAL       shift, and go to state 285
    tIdentifier  shift, and go to state 15
    tDEFAULT     shift, and go to state 17
    tERROR       shift, and go to state 18
    tEXPLICIT    shift, and go to state 19
    tPROPERTY    shift, and go to state 20
    tSTEP        shift, and go to state 21

    ArgumentDeclList  go to state 286
    ArgumentDecl      go to state 287
    Identifier        go to state 288


State 250

  180 FunctionDecl: Storage_opt tSUB Identifier ArgumentsDecl • Nl_opt BodyStatements tEND tSUB

    tNL  shift, and go to state 289

    $default  reduce using rule 209 (Nl_opt)

    Nl_opt  go to state 290


State 251

  179 FunctionDecl: Storage_opt tSUB Identifier StSep • BodyStatements tEND tSUB

    tEXPRLBRACKET  shift, and go to state 5
    tSTOP          shift, and go to state 87
    tME            shift, and go to state 6
    tDOT           shift, and go to state 7
    tCALL          shift, and go to state 88
    tCONST         shift, and go to state 89
    tDIM           shift, and go to state 90
    tREDIM         shift, and go to state 91
    tIF            shift, and go to state 92
    tEXIT          shift, and go to state 93
    tWHILE         shift, and go to state 94
    tDO            shift, and go to state 95
    tFOR           shift, and go to state 96
    tSELECT        shift, and go to state 97
    tWITH          shift, and go to state 98
    tSET           shift, and go to state 100
    tPUBLIC        shift, and go to state 174
    tPRIVATE       shift, and go to state 175
    tON            shift, and go to state 103
    tIdentifier    shift, and go to state 15
    tDEFAULT       shift, and go to state 17
    tERROR         shift, and go to state 18
    tEXPLICIT      shift, and go to state 19
    tPROPERTY      shift, and go to state 20
    tSTEP          shift, and go to state 21
    ':'            shift, and go to state 104

    tEND      reduce using rule 15 (BodyStatements)
    $default  reduce using rule 183 (Storage_opt)

    BodyStatements     go to state 291
    StatementNl        go to state 292
    Statement          go to state 293
    SimpleStatement    go to state 108
    MemberExpression   go to state 29
    IfStatement        go to state 109
    CallExpression     go to state 110
    PrimaryExpression  go to state 48
    FunctionDecl       go to state 112
    Storage_opt        go to state 113
    Storage            go to state 114
    Identifier         go to state 49


State 252

  182 FunctionDecl: Storage_opt tFUNCTION Identifier ArgumentsDecl • Nl_opt BodyStatements tEND tFUNCTION

    tNL  shift, and go to state 289

    $default  reduce using rule 209 (Nl_opt)

    Nl_opt  go to state 294


State 253

  181 FunctionDecl: Storage_opt tFUNCTION Identifier StSep • BodyStatements tEND tFUNCTION

    tEXPRLBRACKET  shift, and go to state 5
    tSTOP          shift, and go to state 87
    tME            shift, and go to state 6
    tDOT           shift, and go to state 7
    tCALL          shift, and go to state 88
    tCONST         shift, and go to state 89
    tDIM           shift, and go to state 90
    tREDIM         shift, and go to state 91
    tIF            shift, and go to state 92
    tEXIT          shift, and go to state 93
    tWHILE         shift, and go to state 94
    tDO            shift, and go to state 95
    tFOR           shift, and go to state 96
    tSELECT        shift, and go to state 97
    tWITH          shift, and go to state 98
    tSET           shift, and go to state 100
    tPUBLIC        shift, and go to state 174
    tPRIVATE       shift, and go to state 175
    tON            shift, and go to state 103
    tIdentifier    shift, and go to state 15
    tDEFAULT       shift, and go to state 17
    tERROR         shift, and go to state 18
    tEXPLICIT      shift, and go to state 19
    tPROPERTY      shift, and go to state 20
    tSTEP          shift, and go to state 21
    ':'            shift, and go to state 104

    tEND      reduce using rule 15 (BodyStatements)
    $default  reduce using rule 183 (Storage_opt)

    BodyStatements     go to state 295
    StatementNl        go to state 292
    Statement          go to state 293
    SimpleStatement    go to state 108
    MemberExpression   go to state 29
    IfStatement        go to state 109
    CallExpression     go to state 110
    PrimaryExpression  go to state 48
    FunctionDecl       go to state 112
    Storage_opt        go to state 113
    Storage            go to state 114
    Identifier         go to state 49


State 254

   77 ConstExpression: '-' NumericLiteralExpression •

    $default  reduce using rule 77 (ConstExpression)


State 255

   69 DimDecl: Identifier '(' DimList ')' •

    $default  reduce using rule 69 (DimDecl)


State 256

   72 DimList: IntegerValue ',' • DimList

    tInt  shift, and go to state 223
    '0'   shift, and go to state 224

    DimList       go to state 296
    IntegerValue  go to state 226


State 257

   63 ReDimDecl: tIdentifier '(' ArgumentList • ')'

    ')'  shift, and go to state 297


State 258

   65 ReDimDeclList: ReDimDecl ',' ReDimDeclList •

    $default  reduce using rule 65 (ReDimDeclList)


State 259

   82 IfStatement: tIF Expression tTHEN tNL StatementsNl_opt • ElseIfs_opt Else_opt tEND tIF

    tELSEIF  shift, and go to state 298

    $default  reduce using rule 87 (ElseIfs_opt)

    ElseIfs_opt  go to state 299
    ElseIfs      go to state 300
    ElseIf       go to state 301


State 260

   84 IfStatement: tIF Expression tTHEN Statement tELSE • Statement EndIf_opt

    tEXPRLBRACKET  shift, and go to state 5
    tSTOP          shift, and go to state 87
    tME            shift, and go to state 6
    tDOT           shift, and go to state 7
    tCALL          shift, and go to state 88
    tCONST         shift, and go to state 89
    tDIM           shift, and go to state 90
    tREDIM         shift, and go to state 91
    tIF            shift, and go to state 92
    tEXIT          shift, and go to state 93
    tWHILE         shift, and go to state 94
    tDO            shift, and go to state 95
    tFOR           shift, and go to state 96
    tSELECT        shift, and go to state 97
    tWITH          shift, and go to state 98
    tSET           shift, and go to state 100
    tPUBLIC        shift, and go to state 174
    tPRIVATE       shift, and go to state 175
    tON            shift, and go to state 103
    tIdentifier    shift, and go to state 15
    tDEFAULT       shift, and go to state 17
    tERROR         shift, and go to state 18
    tEXPLICIT      shift, and go to state 19
    tPROPERTY      shift, and go to state 20
    tSTEP          shift, and go to state 21
    ':'            shift, and go to state 104

    $default  reduce using rule 183 (Storage_opt)

    Statement          go to state 302
    SimpleStatement    go to state 108
    MemberExpression   go to state 29
    IfStatement        go to state 109
    CallExpression     go to state 110
    PrimaryExpression  go to state 48
    FunctionDecl       go to state 112
    Storage_opt        go to state 113
    Storage            go to state 114
    Identifier         go to state 49


State 261

   86 EndIf_opt: tEND • tIF

    tIF  shift, and go to state 303


State 262

   83 IfStatement: tIF Expression tTHEN Statement EndIf_opt •

    $default  reduce using rule 83 (IfStatement)


State 263

   34 SimpleStatement: tWHILE Expression StSep StatementsNl_opt tWEND •

    $default  reduce using rule 34 (SimpleStatement)


State 264

   35 SimpleStatement: tDO DoType Expression StSep StatementsNl_opt • tLOOP

    tLOOP  shift, and go to state 304


State 265

   36 SimpleStatement: tDO StSep StatementsNl_opt tLOOP DoType • Expression

    tEXPRLBRACKET  shift, and go to state 5
    tME            shift, and go to state 6
    tDOT           shift, and go to state 7
    tTRUE          shift, and go to state 8
    tFALSE         shift, and go to state 9
    tNOT           shift, and go to state 10
    tNOTHING       shift, and go to state 11
    tEMPTY         shift, and go to state 12
    tNULL          shift, and go to state 13
    tNEW           shift, and go to state 14
    tIdentifier    shift, and go to state 15
    tString        shift, and go to state 16
    tDEFAULT       shift, and go to state 17
    tERROR         shift, and go to state 18
    tEXPLICIT      shift, and go to state 19
    tPROPERTY      shift, and go to state 20
    tSTEP          shift, and go to state 21
    tInt           shift, and go to state 22
    tDouble        shift, and go to state 23
    tDate          shift, and go to state 24
    '0'            shift, and go to state 25
    '-'            shift, and go to state 26
    '+'            shift, and go to state 27

    MemberExpression          go to state 29
    Expression                go to state 305
    EqvExpression             go to state 31
    XorExpression             go to state 32
    OrExpression              go to state 33
    AndExpression             go to state 34
    NotExpression             go to state 35
    EqualityExpression        go to state 36
    ConcatExpression          go to state 37
    AdditiveExpression        go to state 38
    ModExpression             go to state 39
    IntdivExpression          go to state 40
    MultiplicativeExpression  go to state 41
    ExpExpression             go to state 42
    SignExpression            go to state 43
    UnaryExpression           go to state 44
    CallExpression            go to state 45
    LiteralExpression         go to state 46
    NumericLiteralExpression  go to state 47
    PrimaryExpression         go to state 48
    Identifier                go to state 49


State 266

   21 StatementsNl: SimpleStatement StSep StatementsNl •

    $default  reduce using rule 21 (StatementsNl)


State 267

   50 SimpleStatement: tFOR tEACH Identifier tIN Expression • StSep StatementsNl_opt tNEXT
  109 Expression: Expression • tIMP EqvExpression

    tNL   shift, and go to state 84
    tIMP  shift, and go to state 60
    ':'   shift, and go to state 85

    StSep  go to state 306


State 268

   49 SimpleStatement: tFOR Identifier '=' Expression tTO • Expression Step_opt StSep StatementsNl_opt tNEXT

    tEXPRLBRACKET  shift, and go to state 5
    tME            shift, and go to state 6
    tDOT           shift, and go to state 7
    tTRUE          shift, and go to state 8
    tFALSE         shift, and go to state 9
    tNOT           shift, and go to state 10
    tNOTHING       shift, and go to state 11
    tEMPTY         shift, and go to state 12
    tNULL          shift, and go to state 13
    tNEW           shift, and go to state 14
    tIdentifier    shift, and go to state 15
    tString        shift, and go to state 16
    tDEFAULT       shift, and go to state 17
    tERROR         shift, and go to state 18
    tEXPLICIT      shift, and go to state 19
    tPROPERTY      shift, and go to state 20
    tSTEP          shift, and go to state 21
    tInt           shift, and go to state 22
    tDouble        shift, and go to state 23
    tDate          shift, and go to state 24
    '0'            shift, and go to state 25
    '-'            shift, and go to state 26
    '+'            shift, and go to state 27

    MemberExpression          go to state 29
    Expression                go to state 307
    EqvExpression             go to state 31
    XorExpression             go to state 32
    OrExpression              go to state 33
    AndExpression             go to state 34
    NotExpression             go to state 35
    EqualityExpression        go to state 36
    ConcatExpression          go to state 37
    AdditiveExpression        go to state 38
    ModExpression             go to state 39
    IntdivExpression          go to state 40
    MultiplicativeExpression  go to state 41
    ExpExpression             go to state 42
    SignExpression            go to state 43
    UnaryExpression           go to state 44
    CallExpression            go to state 45
    LiteralExpression         go to state 46
    NumericLiteralExpression  go to state 47
    PrimaryExpression         go to state 48
    Identifier                go to state 49


State 269

   95 CaseClausules: tCASE • tELSE StSep_opt StatementsNl_opt
   96              | tCASE • ExpressionList StSep_opt StatementsNl_opt CaseClausules

    tEXPRLBRACKET  shift, and go to state 5
    tME            shift, and go to state 6
    tDOT           shift, and go to state 7
    tTRUE          shift, and go to state 8
    tFALSE         shift, and go to state 9
    tNOT           shift, and go to state 10
    tELSE          shift, and go to state 308
    tNOTHING       shift, and go to state 11
    tEMPTY         shift, and go to state 12
    tNULL          shift, and go to state 13
    tNEW           shift, and go to state 14
    tIdentifier    shift, and go to state 15
    tString        shift, and go to state 16
    tDEFAULT       shift, and go to state 17
    tERROR         shift, and go to state 18
    tEXPLICIT      shift, and go to state 19
    tPROPERTY      shift, and go to state 20
    tSTEP          shift, and go to state 21
    tInt           shift, and go to state 22
    tDouble        shift, and go to state 23
    tDate          shift, and go to state 24
    '0'            shift, and go to state 25
    '-'            shift, and go to state 26
    '+'            shift, and go to state 27

    MemberExpression          go to state 29
    ExpressionList            go to state 309
    Expression                go to state 310
    EqvExpression             go to state 31
    XorExpression             go to state 32
    OrExpression              go to state 33
    AndExpression             go to state 34
    NotExpression             go to state 35
    EqualityExpression        go to state 36
    ConcatExpression          go to state 37
    AdditiveExpression        go to state 38
    ModExpression             go to state 39
    IntdivExpression          go to state 40
    MultiplicativeExpression  go to state 41
    ExpExpression             go to state 42
    SignExpression            go to state 43
    UnaryExpression           go to state 44
    CallExpression            go to state 45
    LiteralExpression         go to state 46
    NumericLiteralExpression  go to state 47
    PrimaryExpression         go to state 48
    Identifier                go to state 49


State 270

   51 SimpleStatement: tSELECT tCASE Expression StSep CaseClausules • tEND tSELECT

    tEND  shift, and go to state 311


State 271

   52 SimpleStatement: tWITH Expression StSep StatementsNl_opt tEND • tWITH

    tWITH  shift, and go to state 312


State 272

  172 ClassBody: tDIM DimDeclList •
  173          | tDIM DimDeclList • StSep ClassBody

    tNL  shift, and go to state 84
    ':'  shift, and go to state 85

    $default  reduce using rule 172 (ClassBody)

    StSep  go to state 313


State 273

  166 ClassDeclaration: tCLASS Identifier StSep ClassBody tEND • tCLASS StSep

    tCLASS  shift, and go to state 314


State 274

  175 ClassBody: PropertyDecl StSep • ClassBody

    tDIM      shift, and go to state 239
    tPUBLIC   shift, and go to state 174
    tPRIVATE  shift, and go to state 175

    tEND      reduce using rule 167 (ClassBody)
    $default  reduce using rule 183 (Storage_opt)

    ClassBody     go to state 315
    PropertyDecl  go to state 241
    FunctionDecl  go to state 242
    Storage_opt   go to state 243
    Storage       go to state 244


State 275

  169 ClassBody: FunctionDecl StSep • ClassBody

    tDIM      shift, and go to state 239
    tPUBLIC   shift, and go to state 174
    tPRIVATE  shift, and go to state 175

    tEND      reduce using rule 167 (ClassBody)
    $default  reduce using rule 183 (Storage_opt)

    ClassBody     go to state 316
    PropertyDecl  go to state 241
    FunctionDecl  go to state 242
    Storage_opt   go to state 243
    Storage       go to state 244


State 276

  176 PropertyDecl: Storage_opt tPROPERTY • tGET Identifier ArgumentsDecl_opt StSep BodyStatements tEND tPROPERTY
  177             | Storage_opt tPROPERTY • tLET Identifier '(' ArgumentDeclList ')' StSep BodyStatements tEND tPROPERTY
  178             | Storage_opt tPROPERTY • tSET Identifier '(' ArgumentDeclList ')' StSep BodyStatements tEND tPROPERTY

    tGET  shift, and go to state 317
    tLET  shift, and go to state 318
    tSET  shift, and go to state 319


State 277

  197 MemberIdentifier: tIdentifier •

    $default  reduce using rule 197 (MemberIdentifier)


State 278

  198 MemberIdentifier: tERROR •

    $default  reduce using rule 198 (MemberIdentifier)


State 279

  199 MemberIdentifier: tEXPLICIT •

    $default  reduce using rule 199 (MemberIdentifier)


State 280

  200 MemberIdentifier: tSTEP •

    $default  reduce using rule 200 (MemberIdentifier)


State 281

  170 ClassBody: Storage MemberDeclList •
  171          | Storage MemberDeclList • StSep ClassBody

    tNL  shift, and go to state 84
    ':'  shift, and go to state 85

    $default  reduce using rule 170 (ClassBody)

    StSep  go to state 320


State 282

   58 MemberDeclList: MemberDecl •
   59               | MemberDecl • ',' MemberDeclList

    ','  shift, and go to state 321

    $default  reduce using rule 58 (MemberDeclList)


State 283

   60 MemberDecl: MemberIdentifier •
   61           | MemberIdentifier • '(' DimList ')'
   62           | MemberIdentifier • tEMPTYBRACKETS

    tEMPTYBRACKETS  shift, and go to state 322
    '('             shift, and go to state 323

    $default  reduce using rule 60 (MemberDecl)


State 284

  195 ArgumentDecl: tBYREF • Identifier EmptyBrackets_opt

    tIdentifier  shift, and go to state 15
    tDEFAULT     shift, and go to state 17
    tERROR       shift, and go to state 18
    tEXPLICIT    shift, and go to state 19
    tPROPERTY    shift, and go to state 20
    tSTEP        shift, and go to state 21

    Identifier  go to state 324


State 285

  196 ArgumentDecl: tBYVAL • Identifier EmptyBrackets_opt

    tIdentifier  shift, and go to state 15
    tDEFAULT     shift, and go to state 17
    tERROR       shift, and go to state 18
    tEXPLICIT    shift, and go to state 19
    tPROPERTY    shift, and go to state 20
    tSTEP        shift, and go to state 21

    Identifier  go to state 325


State 286

  191 ArgumentsDecl: '(' ArgumentDeclList • ')'

    ')'  shift, and go to state 326


State 287

  192 ArgumentDeclList: ArgumentDecl •
  193                 | ArgumentDecl • ',' ArgumentDeclList

    ','  shift, and go to state 327

    $default  reduce using rule 192 (ArgumentDeclList)


State 288

  194 ArgumentDecl: Identifier • EmptyBrackets_opt

    tEMPTYBRACKETS  shift, and go to state 328

    $default  reduce using rule 104 (EmptyBrackets_opt)

    EmptyBrackets_opt  go to state 329


State 289

  210 Nl_opt: tNL • Nl_opt

    tNL  shift, and go to state 289

    $default  reduce using rule 209 (Nl_opt)

    Nl_opt  go to state 330


State 290

  180 FunctionDecl: Storage_opt tSUB Identifier ArgumentsDecl Nl_opt • BodyStatements tEND tSUB

    tEXPRLBRACKET  shift, and go to state 5
    tSTOP          shift, and go to state 87
    tME            shift, and go to state 6
    tDOT           shift, and go to state 7
    tCALL          shift, and go to state 88
    tCONST         shift, and go to state 89
    tDIM           shift, and go to state 90
    tREDIM         shift, and go to state 91
    tIF            shift, and go to state 92
    tEXIT          shift, and go to state 93
    tWHILE         shift, and go to state 94
    tDO            shift, and go to state 95
    tFOR           shift, and go to state 96
    tSELECT        shift, and go to state 97
    tWITH          shift, and go to state 98
    tSET           shift, and go to state 100
    tPUBLIC        shift, and go to state 174
    tPRIVATE       shift, and go to state 175
    tON            shift, and go to state 103
    tIdentifier    shift, and go to state 15
    tDEFAULT       shift, and go to state 17
    tERROR         shift, and go to state 18
    tEXPLICIT      shift, and go to state 19
    tPROPERTY      shift, and go to state 20
    tSTEP          shift, and go to state 21
    ':'            shift, and go to state 104

    tEND      reduce using rule 15 (BodyStatements)
    $default  reduce using rule 183 (Storage_opt)

    BodyStatements     go to state 331
    StatementNl        go to state 292
    Statement          go to state 293
    SimpleStatement    go to state 108
    MemberExpression   go to state 29
    IfStatement        go to state 109
    CallExpression     go to state 110
    PrimaryExpression  go to state 48
    FunctionDecl       go to state 112
    Storage_opt        go to state 113
    Storage            go to state 114
    Identifier         go to state 49


State 291

  179 FunctionDecl: Storage_opt tSUB Identifier StSep BodyStatements • tEND tSUB

    tEND  shift, and go to state 332


State 292

   17 BodyStatements: StatementNl • BodyStatements

    tEXPRLBRACKET  shift, and go to state 5
    tSTOP          shift, and go to state 87
    tME            shift, and go to state 6
    tDOT           shift, and go to state 7
    tCALL          shift, and go to state 88
    tCONST         shift, and go to state 89
    tDIM           shift, and go to state 90
    tREDIM         shift, and go to state 91
    tIF            shift, and go to state 92
    tEXIT          shift, and go to state 93
    tWHILE         shift, and go to state 94
    tDO            shift, and go to state 95
    tFOR           shift, and go to state 96
    tSELECT        shift, and go to state 97
    tWITH          shift, and go to state 98
    tSET           shift, and go to state 100
    tPUBLIC        shift, and go to state 174
    tPRIVATE       shift, and go to state 175
    tON            shift, and go to state 103
    tIdentifier    shift, and go to state 15
    tDEFAULT       shift, and go to state 17
    tERROR         shift, and go to state 18
    tEXPLICIT      shift, and go to state 19
    tPROPERTY      shift, and go to state 20
    tSTEP          shift, and go to state 21
    ':'            shift, and go to state 104

    tEND      reduce using rule 15 (BodyStatements)
    $default  reduce using rule 183 (Storage_opt)

    BodyStatements     go to state 333
    StatementNl        go to state 292
    Statement          go to state 293
    SimpleStatement    go to state 108
    MemberExpression   go to state 29
    IfStatement        go to state 109
    CallExpression     go to state 110
    PrimaryExpression  go to state 48
    FunctionDecl       go to state 112
    Storage_opt        go to state 113
    Storage            go to state 114
    Identifier         go to state 49


State 293

   16 BodyStatements: Statement •
   22 StatementNl: Statement • tNL

    tNL  shift, and go to state 178

    $default  reduce using rule 16 (BodyStatements)


State 294

  182 FunctionDecl: Storage_opt tFUNCTION Identifier ArgumentsDecl Nl_opt • BodyStatements tEND tFUNCTION

    tEXPRLBRACKET  shift, and go to state 5
    tSTOP          shift, and go to state 87
    tME            shift, and go to state 6
    tDOT           shift, and go to state 7
    tCALL          shift, and go to state 88
    tCONST         shift, and go to state 89
    tDIM           shift, and go to state 90
    tREDIM         shift, and go to state 91
    tIF            shift, and go to state 92
    tEXIT          shift, and go to state 93
    tWHILE         shift, and go to state 94
    tDO            shift, and go to state 95
    tFOR           shift, and go to state 96
    tSELECT        shift, and go to state 97
    tWITH          shift, and go to state 98
    tSET           shift, and go to state 100
    tPUBLIC        shift, and go to state 174
    tPRIVATE       shift, and go to state 175
    tON            shift, and go to state 103
    tIdentifier    shift, and go to state 15
    tDEFAULT       shift, and go to state 17
    tERROR         shift, and go to state 18
    tEXPLICIT      shift, and go to state 19
    tPROPERTY      shift, and go to state 20
    tSTEP          shift, and go to state 21
    ':'            shift, and go to state 104

    tEND      reduce using rule 15 (BodyStatements)
    $default  reduce using rule 183 (Storage_opt)

    BodyStatements     go to state 334
    StatementNl        go to state 292
    Statement          go to state 293
    SimpleStatement    go to state 108
    MemberExpression   go to state 29
    IfStatement        go to state 109
    CallExpression     go to state 110
    PrimaryExpression  go to state 48
    FunctionDecl       go to state 112
    Storage_opt        go to state 113
    Storage            go to state 114
    Identifier         go to state 49


State 295

  181 FunctionDecl: Storage_opt tFUNCTION Identifier StSep BodyStatements • tEND tFUNCTION

    tEND  shift, and go to state 335


State 296

   72 DimList: IntegerValue ',' DimList •

    $default  reduce using rule 72 (DimList)


State 297

   63 ReDimDecl: tIdentifier '(' ArgumentList ')' •

    $default  reduce using rule 63 (ReDimDecl)


State 298

   91 ElseIf: tELSEIF • Expression tTHEN StSep_opt StatementsNl_opt

    tEXPRLBRACKET  shift, and go to state 5
    tME            shift, and go to state 6
    tDOT           shift, and go to state 7
    tTRUE          shift, and go to state 8
    tFALSE         shift, and go to state 9
    tNOT           shift, and go to state 10
    tNOTHING       shift, and go to state 11
    tEMPTY         shift, and go to state 12
    tNULL          shift, and go to state 13
    tNEW           shift, and go to state 14
    tIdentifier    shift, and go to state 15
    tString        shift, and go to state 16
    tDEFAULT       shift, and go to state 17
    tERROR         shift, and go to state 18
    tEXPLICIT      shift, and go to state 19
    tPROPERTY      shift, and go to state 20
    tSTEP          shift, and go to state 21
    tInt           shift, and go to state 22
    tDouble        shift, and go to state 23
    tDate          shift, and go to state 24
    '0'            shift, and go to state 25
    '-'            shift, and go to state 26
    '+'            shift, and go to state 27

    MemberExpression          go to state 29
    Expression                go to state 336
    EqvExpression             go to state 31
    XorExpression             go to state 32
    OrExpression              go to state 33
    AndExpression             go to state 34
    NotExpression             go to state 35
    EqualityExpression        go to state 36
    ConcatExpression          go to state 37
    AdditiveExpression        go to state 38
    ModExpression             go to state 39
    IntdivExpression          go to state 40
    MultiplicativeExpression  go to state 41
    ExpExpression             go to state 42
    SignExpression            go to state 43
    UnaryExpression           go to state 44
    CallExpression            go to state 45
    LiteralExpression         go to state 46
    NumericLiteralExpression  go to state 47
    PrimaryExpression         go to state 48
    Identifier                go to state 49


State 299

   82 IfStatement: tIF Expression tTHEN tNL StatementsNl_opt ElseIfs_opt • Else_opt tEND tIF

    tELSE  shift, and go to state 337

    $default  reduce using rule 92 (Else_opt)

    Else_opt  go to state 338


State 300

   88 ElseIfs_opt: ElseIfs •

    $default  reduce using rule 88 (ElseIfs_opt)


State 301

   89 ElseIfs: ElseIf •
   90        | ElseIf • ElseIfs

    tELSEIF  shift, and go to state 298

    $default  reduce using rule 89 (ElseIfs)

    ElseIfs  go to state 339
    ElseIf   go to state 301


State 302

   84 IfStatement: tIF Expression tTHEN Statement tELSE Statement • EndIf_opt

    tEND  shift, and go to state 261

    tEND      [reduce using rule 85 (EndIf_opt)]
    $default  reduce using rule 85 (EndIf_opt)

    EndIf_opt  go to state 340


State 303

   86 EndIf_opt: tEND tIF •

    $default  reduce using rule 86 (EndIf_opt)


State 304

   35 SimpleStatement: tDO DoType Expression StSep StatementsNl_opt tLOOP •

    $default  reduce using rule 35 (SimpleStatement)


State 305

   36 SimpleStatement: tDO StSep StatementsNl_opt tLOOP DoType Expression •
  109 Expression: Expression • tIMP EqvExpression

    tIMP  shift, and go to state 60

    $default  reduce using rule 36 (SimpleStatement)


State 306

   50 SimpleStatement: tFOR tEACH Identifier tIN Expression StSep • StatementsNl_opt tNEXT

    tEXPRLBRACKET  shift, and go to state 5
    tSTOP          shift, and go to state 87
    tME            shift, and go to state 6
    tDOT           shift, and go to state 7
    tCALL          shift, and go to state 88
    tCONST         shift, and go to state 89
    tDIM           shift, and go to state 90
    tREDIM         shift, and go to state 91
    tIF            shift, and go to state 92
    tEXIT          shift, and go to state 93
    tWHILE         shift, and go to state 94
    tDO            shift, and go to state 95
    tFOR           shift, and go to state 96
    tSELECT        shift, and go to state 97
    tWITH          shift, and go to state 98
    tSET           shift, and go to state 100
    tPUBLIC        shift, and go to state 174
    tPRIVATE       shift, and go to state 175
    tON            shift, and go to state 103
    tIdentifier    shift, and go to state 15
    tDEFAULT       shift, and go to state 17
    tERROR         shift, and go to state 18
    tEXPLICIT      shift, and go to state 19
    tPROPERTY      shift, and go to state 20
    tSTEP          shift, and go to state 21

    tNEXT     reduce using rule 18 (StatementsNl_opt)
    $default  reduce using rule 183 (Storage_opt)

    StatementsNl_opt   go to state 341
    StatementsNl       go to state 200
    SimpleStatement    go to state 201
    MemberExpression   go to state 29
    IfStatement        go to state 109
    CallExpression     go to state 110
    PrimaryExpression  go to state 48
    FunctionDecl       go to state 112
    Storage_opt        go to state 113
    Storage            go to state 114
    Identifier         go to state 49


State 307

   49 SimpleStatement: tFOR Identifier '=' Expression tTO Expression • Step_opt StSep StatementsNl_opt tNEXT
  109 Expression: Expression • tIMP EqvExpression

    tIMP   shift, and go to state 60
    tSTEP  shift, and go to state 342

    $default  reduce using rule 80 (Step_opt)

    Step_opt  go to state 343


State 308

   95 CaseClausules: tCASE tELSE • StSep_opt StatementsNl_opt

    tNL  shift, and go to state 84
    ':'  shift, and go to state 85

    $default  reduce using rule 207 (StSep_opt)

    StSep_opt  go to state 344
    StSep      go to state 345


State 309

   96 CaseClausules: tCASE ExpressionList • StSep_opt StatementsNl_opt CaseClausules

    tNL  shift, and go to state 84
    ':'  shift, and go to state 85

    $default  reduce using rule 207 (StSep_opt)

    StSep_opt  go to state 346
    StSep      go to state 345


State 310

  106 ExpressionList: Expression •
  107               | Expression • ',' ExpressionList
  109 Expression: Expression • tIMP EqvExpression

    tIMP  shift, and go to state 60
    ','   shift, and go to state 347

    $default  reduce using rule 106 (ExpressionList)


State 311

   51 SimpleStatement: tSELECT tCASE Expression StSep CaseClausules tEND • tSELECT

    tSELECT  shift, and go to state 348


State 312

   52 SimpleStatement: tWITH Expression StSep StatementsNl_opt tEND tWITH •

    $default  reduce using rule 52 (SimpleStatement)


State 313

  173 ClassBody: tDIM DimDeclList StSep • ClassBody

    tDIM      shift, and go to state 239
    tPUBLIC   shift, and go to state 174
    tPRIVATE  shift, and go to state 175

    tEND      reduce using rule 167 (ClassBody)
    $default  reduce using rule 183 (Storage_opt)

    ClassBody     go to state 349
    PropertyDecl  go to state 241
    FunctionDecl  go to state 242
    Storage_opt   go to state 243
    Storage       go to state 244


State 314

  166 ClassDeclaration: tCLASS Identifier StSep ClassBody tEND tCLASS • StSep

    tNL  shift, and go to state 84
    ':'  shift, and go to state 85

    StSep  go to state 350


State 315

  175 ClassBody: PropertyDecl StSep ClassBody •

    $default  reduce using rule 175 (ClassBody)


State 316

  169 ClassBody: FunctionDecl StSep ClassBody •

    $default  reduce using rule 169 (ClassBody)


State 317

  176 PropertyDecl: Storage_opt tPROPERTY tGET • Identifier ArgumentsDecl_opt StSep BodyStatements tEND tPROPERTY

    tIdentifier  shift, and go to state 15
    tDEFAULT     shift, and go to state 17
    tERROR       shift, and go to state 18
    tEXPLICIT    shift, and go to state 19
    tPROPERTY    shift, and go to state 20
    tSTEP        shift, and go to state 21

    Identifier  go to state 351


State 318

  177 PropertyDecl: Storage_opt tPROPERTY tLET • Identifier '(' ArgumentDeclList ')' StSep BodyStatements tEND tPROPERTY

    tIdentifier  shift, and go to state 15
    tDEFAULT     shift, and go to state 17
    tERROR       shift, and go to state 18
    tEXPLICIT    shift, and go to state 19
    tPROPERTY    shift, and go to state 20
    tSTEP        shift, and go to state 21

    Identifier  go to state 352


State 319

  178 PropertyDecl: Storage_opt tPROPERTY tSET • Identifier '(' ArgumentDeclList ')' StSep BodyStatements tEND tPROPERTY

    tIdentifier  shift, and go to state 15
    tDEFAULT     shift, and go to state 17
    tERROR       shift, and go to state 18
    tEXPLICIT    shift, and go to state 19
    tPROPERTY    shift, and go to state 20
    tSTEP        shift, and go to state 21

    Identifier  go to state 353


State 320

  171 ClassBody: Storage MemberDeclList StSep • ClassBody

    tDIM      shift, and go to state 239
    tPUBLIC   shift, and go to state 174
    tPRIVATE  shift, and go to state 175

    tEND      reduce using rule 167 (ClassBody)
    $default  reduce using rule 183 (Storage_opt)

    ClassBody     go to state 354
    PropertyDecl  go to state 241
    FunctionDecl  go to state 242
    Storage_opt   go to state 243
    Storage       go to state 244


State 321

   59 MemberDeclList: MemberDecl ',' • MemberDeclList

    tIdentifier  shift, and go to state 277
    tERROR       shift, and go to state 278
    tEXPLICIT    shift, and go to state 279
    tSTEP        shift, and go to state 280

    MemberDeclList    go to state 355
    MemberDecl        go to state 282
    MemberIdentifier  go to state 283


State 322

   62 MemberDecl: MemberIdentifier tEMPTYBRACKETS •

    $default  reduce using rule 62 (MemberDecl)


State 323

   61 MemberDecl: MemberIdentifier '(' • DimList ')'

    tInt  shift, and go to state 223
    '0'   shift, and go to state 224

    DimList       go to state 356
    IntegerValue  go to state 226


State 324

  195 ArgumentDecl: tBYREF Identifier • EmptyBrackets_opt

    tEMPTYBRACKETS  shift, and go to state 328

    $default  reduce using rule 104 (EmptyBrackets_opt)

    EmptyBrackets_opt  go to state 357


State 325

  196 ArgumentDecl: tBYVAL Identifier • EmptyBrackets_opt

    tEMPTYBRACKETS  shift, and go to state 328

    $default  reduce using rule 104 (EmptyBrackets_opt)

    EmptyBrackets_opt  go to state 358


State 326

  191 ArgumentsDecl: '(' ArgumentDeclList ')' •

    $default  reduce using rule 191 (ArgumentsDecl)


State 327

  193 ArgumentDeclList: ArgumentDecl ',' • ArgumentDeclList

    tBYREF       shift, and go to state 284
    tBYVAL       shift, and go to state 285
    tIdentifier  shift, and go to state 15
    tDEFAULT     shift, and go to state 17
    tERROR       shift, and go to state 18
    tEXPLICIT    shift, and go to state 19
    tPROPERTY    shift, and go to state 20
    tSTEP        shift, and go to state 21

    ArgumentDeclList  go to state 359
    ArgumentDecl      go to state 287
    Identifier        go to state 288


State 328

  105 EmptyBrackets_opt: tEMPTYBRACKETS •

    $default  reduce using rule 105 (EmptyBrackets_opt)


State 329

  194 ArgumentDecl: Identifier EmptyBrackets_opt •

    $default  reduce using rule 194 (ArgumentDecl)


State 330

  210 Nl_opt: tNL Nl_opt •

    $default  reduce using rule 210 (Nl_opt)


State 331

  180 FunctionDecl: Storage_opt tSUB Identifier ArgumentsDecl Nl_opt BodyStatements • tEND tSUB

    tEND  shift, and go to state 360


State 332

  179 FunctionDecl: Storage_opt tSUB Identifier StSep BodyStatements tEND • tSUB

    tSUB  shift, and go to state 361


State 333

   17 BodyStatements: StatementNl BodyStatements •

    $default  reduce using rule 17 (BodyStatements)


State 334

  182 FunctionDecl: Storage_opt tFUNCTION Identifier ArgumentsDecl Nl_opt BodyStatements • tEND tFUNCTION

    tEND  shift, and go to state 362


State 335

  181 FunctionDecl: Storage_opt tFUNCTION Identifier StSep BodyStatements tEND • tFUNCTION

    tFUNCTION  shift, and go to state 363


State 336

   91 ElseIf: tELSEIF Expression • tTHEN StSep_opt StatementsNl_opt
  109 Expression: Expression • tIMP EqvExpression

    tIMP   shift, and go to state 60
    tTHEN  shift, and go to state 364


State 337

   93 Else_opt: tELSE • StSep_opt StatementsNl_opt

    tNL  shift, and go to state 84
    ':'  shift, and go to state 85

    $default  reduce using rule 207 (StSep_opt)

    StSep_opt  go to state 365
    StSep      go to state 345


State 338

   82 IfStatement: tIF Expression tTHEN tNL StatementsNl_opt ElseIfs_opt Else_opt • tEND tIF

    tEND  shift, and go to state 366


State 339

   90 ElseIfs: ElseIf ElseIfs •

    $default  reduce using rule 90 (ElseIfs)


State 340

   84 IfStatement: tIF Expression tTHEN Statement tELSE Statement EndIf_opt •

    $default  reduce using rule 84 (IfStatement)


State 341

   50 SimpleStatement: tFOR tEACH Identifier tIN Expression StSep StatementsNl_opt • tNEXT

    tNEXT  shift, and go to state 367


State 342

   81 Step_opt: tSTEP • Expression

    tEXPRLBRACKET  shift, and go to state 5
    tME            shift, and go to state 6
    tDOT           shift, and go to state 7
    tTRUE          shift, and go to state 8
    tFALSE         shift, and go to state 9
    tNOT           shift, and go to state 10
    tNOTHING       shift, and go to state 11
    tEMPTY         shift, and go to state 12
    tNULL          shift, and go to state 13
    tNEW           shift, and go to state 14
    tIdentifier    shift, and go to state 15
    tString        shift, and go to state 16
    tDEFAULT       shift, and go to state 17
    tERROR         shift, and go to state 18
    tEXPLICIT      shift, and go to state 19
    tPROPERTY      shift, and go to state 20
    tSTEP          shift, and go to state 21
    tInt           shift, and go to state 22
    tDouble        shift, and go to state 23
    tDate          shift, and go to state 24
    '0'            shift, and go to state 25
    '-'            shift, and go to state 26
    '+'            shift, and go to state 27

    MemberExpression          go to state 29
    Expression                go to state 368
    EqvExpression             go to state 31
    XorExpression             go to state 32
    OrExpression              go to state 33
    AndExpression             go to state 34
    NotExpression             go to state 35
    EqualityExpression        go to state 36
    ConcatExpression          go to state 37
    AdditiveExpression        go to state 38
    ModExpression             go to state 39
    IntdivExpression          go to state 40
    MultiplicativeExpression  go to state 41
    ExpExpression             go to state 42
    SignExpression            go to state 43
    UnaryExpression           go to state 44
    CallExpression            go to state 45
    LiteralExpression         go to state 46
    NumericLiteralExpression  go to state 47
    PrimaryExpression         go to state 48
    Identifier                go to state 49


State 343

   49 SimpleStatement: tFOR Identifier '=' Expression tTO Expression Step_opt • StSep StatementsNl_opt tNEXT

    tNL  shift, and go to state 84
    ':'  shift, and go to state 85

    StSep  go to state 369


State 344

   95 CaseClausules: tCASE tELSE StSep_opt • StatementsNl_opt

    tEXPRLBRACKET  shift, and go to state 5
    tSTOP          shift, and go to state 87
    tME            shift, and go to state 6
    tDOT           shift, and go to state 7
    tCALL          shift, and go to state 88
    tCONST         shift, and go to state 89
    tDIM           shift, and go to state 90
    tREDIM         shift, and go to state 91
    tIF            shift, and go to state 92
    tEXIT          shift, and go to state 93
    tWHILE         shift, and go to state 94
    tDO            shift, and go to state 95
    tFOR           shift, and go to state 96
    tSELECT        shift, and go to state 97
    tWITH          shift, and go to state 98
    tSET           shift, and go to state 100
    tPUBLIC        shift, and go to state 174
    tPRIVATE       shift, and go to state 175
    tON            shift, and go to state 103
    tIdentifier    shift, and go to state 15
    tDEFAULT       shift, and go to state 17
    tERROR         shift, and go to state 18
    tEXPLICIT      shift, and go to state 19
    tPROPERTY      shift, and go to state 20
    tSTEP          shift, and go to state 21

    tEND      reduce using rule 18 (StatementsNl_opt)
    $default  reduce using rule 183 (Storage_opt)

    StatementsNl_opt   go to state 370
    StatementsNl       go to state 200
    SimpleStatement    go to state 201
    MemberExpression   go to state 29
    IfStatement        go to state 109
    CallExpression     go to state 110
    PrimaryExpression  go to state 48
    FunctionDecl       go to state 112
    Storage_opt        go to state 113
    Storage            go to state 114
    Identifier         go to state 49


State 345

  208 StSep_opt: StSep •

    $default  reduce using rule 208 (StSep_opt)


State 346

   96 CaseClausules: tCASE ExpressionList StSep_opt • StatementsNl_opt CaseClausules

    tEXPRLBRACKET  shift, and go to state 5
    tSTOP          shift, and go to state 87
    tME            shift, and go to state 6
    tDOT           shift, and go to state 7
    tCALL          shift, and go to state 88
    tCONST         shift, and go to state 89
    tDIM           shift, and go to state 90
    tREDIM         shift, and go to state 91
    tIF            shift, and go to state 92
    tEXIT          shift, and go to state 93
    tWHILE         shift, and go to state 94
    tDO            shift, and go to state 95
    tFOR           shift, and go to state 96
    tSELECT        shift, and go to state 97
    tWITH          shift, and go to state 98
    tSET           shift, and go to state 100
    tPUBLIC        shift, and go to state 174
    tPRIVATE       shift, and go to state 175
    tON            shift, and go to state 103
    tIdentifier    shift, and go to state 15
    tDEFAULT       shift, and go to state 17
    tERROR         shift, and go to state 18
    tEXPLICIT      shift, and go to state 19
    tPROPERTY      shift, and go to state 20
    tSTEP          shift, and go to state 21

    tSUB       reduce using rule 183 (Storage_opt)
    tFUNCTION  reduce using rule 183 (Storage_opt)
    $default   reduce using rule 18 (StatementsNl_opt)

    StatementsNl_opt   go to state 371
    StatementsNl       go to state 200
    SimpleStatement    go to state 201
    MemberExpression   go to state 29
    IfStatement        go to state 109
    CallExpression     go to state 110
    PrimaryExpression  go to state 48
    FunctionDecl       go to state 112
    Storage_opt        go to state 113
    Storage            go to state 114
    Identifier         go to state 49


State 347

  107 ExpressionList: Expression ',' • ExpressionList

    tEXPRLBRACKET  shift, and go to state 5
    tME            shift, and go to state 6
    tDOT           shift, and go to state 7
    tTRUE          shift, and go to state 8
    tFALSE         shift, and go to state 9
    tNOT           shift, and go to state 10
    tNOTHING       shift, and go to state 11
    tEMPTY         shift, and go to state 12
    tNULL          shift, and go to state 13
    tNEW           shift, and go to state 14
    tIdentifier    shift, and go to state 15
    tString        shift, and go to state 16
    tDEFAULT       shift, and go to state 17
    tERROR         shift, and go to state 18
    tEXPLICIT      shift, and go to state 19
    tPROPERTY      shift, and go to state 20
    tSTEP          shift, and go to state 21
    tInt           shift, and go to state 22
    tDouble        shift, and go to state 23
    tDate          shift, and go to state 24
    '0'            shift, and go to state 25
    '-'            shift, and go to state 26
    '+'            shift, and go to state 27

    MemberExpression          go to state 29
    ExpressionList            go to state 372
    Expression                go to state 310
    EqvExpression             go to state 31
    XorExpression             go to state 32
    OrExpression              go to state 33
    AndExpression             go to state 34
    NotExpression             go to state 35
    EqualityExpression        go to state 36
    ConcatExpression          go to state 37
    AdditiveExpression        go to state 38
    ModExpression             go to state 39
    IntdivExpression          go to state 40
    MultiplicativeExpression  go to state 41
    ExpExpression             go to state 42
    SignExpression            go to state 43
    UnaryExpression           go to state 44
    CallExpression            go to state 45
    LiteralExpression         go to state 46
    NumericLiteralExpression  go to state 47
    PrimaryExpression         go to state 48
    Identifier                go to state 49


State 348

   51 SimpleStatement: tSELECT tCASE Expression StSep CaseClausules tEND tSELECT •

    $default  reduce using rule 51 (SimpleStatement)


State 349

  173 ClassBody: tDIM DimDeclList StSep ClassBody •

    $default  reduce using rule 173 (ClassBody)


State 350

  166 ClassDeclaration: tCLASS Identifier StSep ClassBody tEND tCLASS StSep •

    $default  reduce using rule 166 (ClassDeclaration)


State 351

  176 PropertyDecl: Storage_opt tPROPERTY tGET Identifier • ArgumentsDecl_opt StSep BodyStatements tEND tPROPERTY

    tEMPTYBRACKETS  shift, and go to state 248
    '('             shift, and go to state 249

    $default  reduce using rule 188 (ArgumentsDecl_opt)

    ArgumentsDecl_opt  go to state 373
    ArgumentsDecl      go to state 374


State 352

  177 PropertyDecl: Storage_opt tPROPERTY tLET Identifier • '(' ArgumentDeclList ')' StSep BodyStatements tEND tPROPERTY

    '('  shift, and go to state 375


State 353

  178 PropertyDecl: Storage_opt tPROPERTY tSET Identifier • '(' ArgumentDeclList ')' StSep BodyStatements tEND tPROPERTY

    '('  shift, and go to state 376


State 354

  171 ClassBody: Storage MemberDeclList StSep ClassBody •

    $default  reduce using rule 171 (ClassBody)


State 355

   59 MemberDeclList: MemberDecl ',' MemberDeclList •

    $default  reduce using rule 59 (MemberDeclList)


State 356

   61 MemberDecl: MemberIdentifier '(' DimList • ')'

    ')'  shift, and go to state 377


State 357

  195 ArgumentDecl: tBYREF Identifier EmptyBrackets_opt •

    $default  reduce using rule 195 (ArgumentDecl)


State 358

  196 ArgumentDecl: tBYVAL Identifier EmptyBrackets_opt •

    $default  reduce using rule 196 (ArgumentDecl)


State 359

  193 ArgumentDeclList: ArgumentDecl ',' ArgumentDeclList •

    $default  reduce using rule 193 (ArgumentDeclList)


State 360

  180 FunctionDecl: Storage_opt tSUB Identifier ArgumentsDecl Nl_opt BodyStatements tEND • tSUB

    tSUB  shift, and go to state 378


State 361

  179 FunctionDecl: Storage_opt tSUB Identifier StSep BodyStatements tEND tSUB •

    $default  reduce using rule 179 (FunctionDecl)


State 362

  182 FunctionDecl: Storage_opt tFUNCTION Identifier ArgumentsDecl Nl_opt BodyStatements tEND • tFUNCTION

    tFUNCTION  shift, and go to state 379


State 363

  181 FunctionDecl: Storage_opt tFUNCTION Identifier StSep BodyStatements tEND tFUNCTION •

    $default  reduce using rule 181 (FunctionDecl)


State 364

   91 ElseIf: tELSEIF Expression tTHEN • StSep_opt StatementsNl_opt

    tNL  shift, and go to state 84
    ':'  shift, and go to state 85

    $default  reduce using rule 207 (StSep_opt)

    StSep_opt  go to state 380
    StSep      go to state 345


State 365

   93 Else_opt: tELSE StSep_opt • StatementsNl_opt

    tEXPRLBRACKET  shift, and go to state 5
    tSTOP          shift, and go to state 87
    tME            shift, and go to state 6
    tDOT           shift, and go to state 7
    tCALL          shift, and go to state 88
    tCONST         shift, and go to state 89
    tDIM           shift, and go to state 90
    tREDIM         shift, and go to state 91
    tIF            shift, and go to state 92
    tEXIT          shift, and go to state 93
    tWHILE         shift, and go to state 94
    tDO            shift, and go to state 95
    tFOR           shift, and go to state 96
    tSELECT        shift, and go to state 97
    tWITH          shift, and go to state 98
    tSET           shift, and go to state 100
    tPUBLIC        shift, and go to state 174
    tPRIVATE       shift, and go to state 175
    tON            shift, and go to state 103
    tIdentifier    shift, and go to state 15
    tDEFAULT       shift, and go to state 17
    tERROR         shift, and go to state 18
    tEXPLICIT      shift, and go to state 19
    tPROPERTY      shift, and go to state 20
    tSTEP          shift, and go to state 21

    tEND      reduce using rule 18 (StatementsNl_opt)
    $default  reduce using rule 183 (Storage_opt)

    StatementsNl_opt   go to state 381
    StatementsNl       go to state 200
    SimpleStatement    go to state 201
    MemberExpression   go to state 29
    IfStatement        go to state 109
    CallExpression     go to state 110
    PrimaryExpression  go to state 48
    FunctionDecl       go to state 112
    Storage_opt        go to state 113
    Storage            go to state 114
    Identifier         go to state 49


State 366

   82 IfStatement: tIF Expression tTHEN tNL StatementsNl_opt ElseIfs_opt Else_opt tEND • tIF

    tIF  shift, and go to state 382


State 367

   50 SimpleStatement: tFOR tEACH Identifier tIN Expression StSep StatementsNl_opt tNEXT •

    $default  reduce using rule 50 (SimpleStatement)


State 368

   81 Step_opt: tSTEP Expression •
  109 Expression: Expression • tIMP EqvExpression

    tIMP  shift, and go to state 60

    $default  reduce using rule 81 (Step_opt)


State 369

   49 SimpleStatement: tFOR Identifier '=' Expression tTO Expression Step_opt StSep • StatementsNl_opt tNEXT

    tEXPRLBRACKET  shift, and go to state 5
    tSTOP          shift, and go to state 87
    tME            shift, and go to state 6
    tDOT           shift, and go to state 7
    tCALL          shift, and go to state 88
    tCONST         shift, and go to state 89
    tDIM           shift, and go to state 90
    tREDIM         shift, and go to state 91
    tIF            shift, and go to state 92
    tEXIT          shift, and go to state 93
    tWHILE         shift, and go to state 94
    tDO            shift, and go to state 95
    tFOR           shift, and go to state 96
    tSELECT        shift, and go to state 97
    tWITH          shift, and go to state 98
    tSET           shift, and go to state 100
    tPUBLIC        shift, and go to state 174
    tPRIVATE       shift, and go to state 175
    tON            shift, and go to state 103
    tIdentifier    shift, and go to state 15
    tDEFAULT       shift, and go to state 17
    tERROR         shift, and go to state 18
    tEXPLICIT      shift, and go to state 19
    tPROPERTY      shift, and go to state 20
    tSTEP          shift, and go to state 21

    tNEXT     reduce using rule 18 (StatementsNl_opt)
    $default  reduce using rule 183 (Storage_opt)

    StatementsNl_opt   go to state 383
    StatementsNl       go to state 200
    SimpleStatement    go to state 201
    MemberExpression   go to state 29
    IfStatement        go to state 109
    CallExpression     go to state 110
    PrimaryExpression  go to state 48
    FunctionDecl       go to state 112
    Storage_opt        go to state 113
    Storage            go to state 114
    Identifier         go to state 49


State 370

   95 CaseClausules: tCASE tELSE StSep_opt StatementsNl_opt •

    $default  reduce using rule 95 (CaseClausules)


State 371

   96 CaseClausules: tCASE ExpressionList StSep_opt StatementsNl_opt • CaseClausules

    tCASE  shift, and go to state 269

    $default  reduce using rule 94 (CaseClausules)

    CaseClausules  go to state 384


State 372

  107 ExpressionList: Expression ',' ExpressionList •

    $default  reduce using rule 107 (ExpressionList)


State 373

  176 PropertyDecl: Storage_opt tPROPERTY tGET Identifier ArgumentsDecl_opt • StSep BodyStatements tEND tPROPERTY

    tNL  shift, and go to state 84
    ':'  shift, and go to state 85

    StSep  go to state 385


State 374

  189 ArgumentsDecl_opt: ArgumentsDecl •

    $default  reduce using rule 189 (ArgumentsDecl_opt)


State 375

  177 PropertyDecl: Storage_opt tPROPERTY tLET Identifier '(' • ArgumentDeclList ')' StSep BodyStatements tEND tPROPERTY

    tBYREF       shift, and go to state 284
    tBYVAL       shift, and go to state 285
    tIdentifier  shift, and go to state 15
    tDEFAULT     shift, and go to state 17
    tERROR       shift, and go to state 18
    tEXPLICIT    shift, and go to state 19
    tPROPERTY    shift, and go to state 20
    tSTEP        shift, and go to state 21

    ArgumentDeclList  go to state 386
    ArgumentDecl      go to state 287
    Identifier        go to state 288


State 376

  178 PropertyDecl: Storage_opt tPROPERTY tSET Identifier '(' • ArgumentDeclList ')' StSep BodyStatements tEND tPROPERTY

    tBYREF       shift, and go to state 284
    tBYVAL       shift, and go to state 285
    tIdentifier  shift, and go to state 15
    tDEFAULT     shift, and go to state 17
    tERROR       shift, and go to state 18
    tEXPLICIT    shift, and go to state 19
    tPROPERTY    shift, and go to state 20
    tSTEP        shift, and go to state 21

    ArgumentDeclList  go to state 387
    ArgumentDecl      go to state 287
    Identifier        go to state 288


State 377

   61 MemberDecl: MemberIdentifier '(' DimList ')' •

    $default  reduce using rule 61 (MemberDecl)


State 378

  180 FunctionDecl: Storage_opt tSUB Identifier ArgumentsDecl Nl_opt BodyStatements tEND tSUB •

    $default  reduce using rule 180 (FunctionDecl)


State 379

  182 FunctionDecl: Storage_opt tFUNCTION Identifier ArgumentsDecl Nl_opt BodyStatements tEND tFUNCTION •

    $default  reduce using rule 182 (FunctionDecl)


State 380

   91 ElseIf: tELSEIF Expression tTHEN StSep_opt • StatementsNl_opt

    tEXPRLBRACKET  shift, and go to state 5
    tSTOP          shift, and go to state 87
    tME            shift, and go to state 6
    tDOT           shift, and go to state 7
    tCALL          shift, and go to state 88
    tCONST         shift, and go to state 89
    tDIM           shift, and go to state 90
    tREDIM         shift, and go to state 91
    tIF            shift, and go to state 92
    tEXIT          shift, and go to state 93
    tWHILE         shift, and go to state 94
    tDO            shift, and go to state 95
    tFOR           shift, and go to state 96
    tSELECT        shift, and go to state 97
    tWITH          shift, and go to state 98
    tSET           shift, and go to state 100
    tPUBLIC        shift, and go to state 174
    tPRIVATE       shift, and go to state 175
    tON            shift, and go to state 103
    tIdentifier    shift, and go to state 15
    tDEFAULT       shift, and go to state 17
    tERROR         shift, and go to state 18
    tEXPLICIT      shift, and go to state 19
    tPROPERTY      shift, and go to state 20
    tSTEP          shift, and go to state 21

    tSUB       reduce using rule 183 (Storage_opt)
    tFUNCTION  reduce using rule 183 (Storage_opt)
    $default   reduce using rule 18 (StatementsNl_opt)

    StatementsNl_opt   go to state 388
    StatementsNl       go to state 200
    SimpleStatement    go to state 201
    MemberExpression   go to state 29
    IfStatement        go to state 109
    CallExpression     go to state 110
    PrimaryExpression  go to state 48
    FunctionDecl       go to state 112
    Storage_opt        go to state 113
    Storage            go to state 114
    Identifier         go to state 49


State 381

   93 Else_opt: tELSE StSep_opt StatementsNl_opt •

    $default  reduce using rule 93 (Else_opt)


State 382

   82 IfStatement: tIF Expression tTHEN tNL StatementsNl_opt ElseIfs_opt Else_opt tEND tIF •

    $default  reduce using rule 82 (IfStatement)


State 383

   49 SimpleStatement: tFOR Identifier '=' Expression tTO Expression Step_opt StSep StatementsNl_opt • tNEXT

    tNEXT  shift, and go to state 389


State 384

   96 CaseClausules: tCASE ExpressionList StSep_opt StatementsNl_opt CaseClausules •

    $default  reduce using rule 96 (CaseClausules)


State 385

  176 PropertyDecl: Storage_opt tPROPERTY tGET Identifier ArgumentsDecl_opt StSep • BodyStatements tEND tPROPERTY

    tEXPRLBRACKET  shift, and go to state 5
    tSTOP          shift, and go to state 87
    tME            shift, and go to state 6
    tDOT           shift, and go to state 7
    tCALL          shift, and go to state 88
    tCONST         shift, and go to state 89
    tDIM           shift, and go to state 90
    tREDIM         shift, and go to state 91
    tIF            shift, and go to state 92
    tEXIT          shift, and go to state 93
    tWHILE         shift, and go to state 94
    tDO            shift, and go to state 95
    tFOR           shift, and go to state 96
    tSELECT        shift, and go to state 97
    tWITH          shift, and go to state 98
    tSET           shift, and go to state 100
    tPUBLIC        shift, and go to state 174
    tPRIVATE       shift, and go to state 175
    tON            shift, and go to state 103
    tIdentifier    shift, and go to state 15
    tDEFAULT       shift, and go to state 17
    tERROR         shift, and go to state 18
    tEXPLICIT      shift, and go to state 19
    tPROPERTY      shift, and go to state 20
    tSTEP          shift, and go to state 21
    ':'            shift, and go to state 104

    tEND      reduce using rule 15 (BodyStatements)
    $default  reduce using rule 183 (Storage_opt)

    BodyStatements     go to state 390
    StatementNl        go to state 292
    Statement          go to state 293
    SimpleStatement    go to state 108
    MemberExpression   go to state 29
    IfStatement        go to state 109
    CallExpression     go to state 110
    PrimaryExpression  go to state 48
    FunctionDecl       go to state 112
    Storage_opt        go to state 113
    Storage            go to state 114
    Identifier         go to state 49


State 386

  177 PropertyDecl: Storage_opt tPROPERTY tLET Identifier '(' ArgumentDeclList • ')' StSep BodyStatements tEND tPROPERTY

    ')'  shift, and go to state 391


State 387

  178 PropertyDecl: Storage_opt tPROPERTY tSET Identifier '(' ArgumentDeclList • ')' StSep BodyStatements tEND tPROPERTY

    ')'  shift, and go to state 392


State 388

   91 ElseIf: tELSEIF Expression tTHEN StSep_opt StatementsNl_opt •

    $default  reduce using rule 91 (ElseIf)


State 389

   49 SimpleStatement: tFOR Identifier '=' Expression tTO Expression Step_opt StSep StatementsNl_opt tNEXT •

    $default  reduce using rule 49 (SimpleStatement)


State 390

  176 PropertyDecl: Storage_opt tPROPERTY tGET Identifier ArgumentsDecl_opt StSep BodyStatements • tEND tPROPERTY

    tEND  shift, and go to state 393


State 391

  177 PropertyDecl: Storage_opt tPROPERTY tLET Identifier '(' ArgumentDeclList ')' • StSep BodyStatements tEND tPROPERTY

    tNL  shift, and go to state 84
    ':'  shift, and go to state 85

    StSep  go to state 394


State 392

  178 PropertyDecl: Storage_opt tPROPERTY tSET Identifier '(' ArgumentDeclList ')' • StSep BodyStatements tEND tPROPERTY

    tNL  shift, and go to state 84
    ':'  shift, and go to state 85

    StSep  go to state 395


State 393

  176 PropertyDecl: Storage_opt tPROPERTY tGET Identifier ArgumentsDecl_opt StSep BodyStatements tEND • tPROPERTY

    tPROPERTY  shift, and go to state 396


State 394

  177 PropertyDecl: Storage_opt tPROPERTY tLET Identifier '(' ArgumentDeclList ')' StSep • BodyStatements tEND tPROPERTY

    tEXPRLBRACKET  shift, and go to state 5
    tSTOP          shift, and go to state 87
    tME            shift, and go to state 6
    tDOT           shift, and go to state 7
    tCALL          shift, and go to state 88
    tCONST         shift, and go to state 89
    tDIM           shift, and go to state 90
    tREDIM         shift, and go to state 91
    tIF            shift, and go to state 92
    tEXIT          shift, and go to state 93
    tWHILE         shift, and go to state 94
    tDO            shift, and go to state 95
    tFOR           shift, and go to state 96
    tSELECT        shift, and go to state 97
    tWITH          shift, and go to state 98
    tSET           shift, and go to state 100
    tPUBLIC        shift, and go to state 174
    tPRIVATE       shift, and go to state 175
    tON            shift, and go to state 103
    tIdentifier    shift, and go to state 15
    tDEFAULT       shift, and go to state 17
    tERROR         shift, and go to state 18
    tEXPLICIT      shift, and go to state 19
    tPROPERTY      shift, and go to state 20
    tSTEP          shift, and go to state 21
    ':'            shift, and go to state 104

    tEND      reduce using rule 15 (BodyStatements)
    $default  reduce using rule 183 (Storage_opt)

    BodyStatements     go to state 397
    StatementNl        go to state 292
    Statement          go to state 293
    SimpleStatement    go to state 108
    MemberExpression   go to state 29
    IfStatement        go to state 109
    CallExpression     go to state 110
    PrimaryExpression  go to state 48
    FunctionDecl       go to state 112
    Storage_opt        go to state 113
    Storage            go to state 114
    Identifier         go to state 49


State 395

  178 PropertyDecl: Storage_opt tPROPERTY tSET Identifier '(' ArgumentDeclList ')' StSep • BodyStatements tEND tPROPERTY

    tEXPRLBRACKET  shift, and go to state 5
    tSTOP          shift, and go to state 87
    tME            shift, and go to state 6
    tDOT           shift, and go to state 7
    tCALL          shift, and go to state 88
    tCONST         shift, and go to state 89
    tDIM           shift, and go to state 90
    tREDIM         shift, and go to state 91
    tIF            shift, and go to state 92
    tEXIT          shift, and go to state 93
    tWHILE         shift, and go to state 94
    tDO            shift, and go to state 95
    tFOR           shift, and go to state 96
    tSELECT        shift, and go to state 97
    tWITH          shift, and go to state 98
    tSET           shift, and go to state 100
    tPUBLIC        shift, and go to state 174
    tPRIVATE       shift, and go to state 175
    tON            shift, and go to state 103
    tIdentifier    shift, and go to state 15
    tDEFAULT       shift, and go to state 17
    tERROR         shift, and go to state 18
    tEXPLICIT      shift, and go to state 19
    tPROPERTY      shift, and go to state 20
    tSTEP          shift, and go to state 21
    ':'            shift, and go to state 104

    tEND      reduce using rule 15 (BodyStatements)
    $default  reduce using rule 183 (Storage_opt)

    BodyStatements     go to state 398
    StatementNl        go to state 292
    Statement          go to state 293
    SimpleStatement    go to state 108
    MemberExpression   go to state 29
    IfStatement        go to state 109
    CallExpression     go to state 110
    PrimaryExpression  go to state 48
    FunctionDecl       go to state 112
    Storage_opt        go to state 113
    Storage            go to state 114
    Identifier         go to state 49


State 396

  176 PropertyDecl: Storage_opt tPROPERTY tGET Identifier ArgumentsDecl_opt StSep BodyStatements tEND tPROPERTY •

    $default  reduce using rule 176 (PropertyDecl)


State 397

  177 PropertyDecl: Storage_opt tPROPERTY tLET Identifier '(' ArgumentDeclList ')' StSep BodyStatements • tEND tPROPERTY

    tEND  shift, and go to state 399


State 398

  178 PropertyDecl: Storage_opt tPROPERTY tSET Identifier '(' ArgumentDeclList ')' StSep BodyStatements • tEND tPROPERTY

    tEND  shift, and go to state 400


State 399

  177 PropertyDecl: Storage_opt tPROPERTY tLET Identifier '(' ArgumentDeclList ')' StSep BodyStatements tEND • tPROPERTY

    tPROPERTY  shift, and go to state 401


State 400

  178 PropertyDecl: Storage_opt tPROPERTY tSET Identifier '(' ArgumentDeclList ')' StSep BodyStatements tEND • tPROPERTY

    tPROPERTY  shift, and go to state 402


State 401

  177 PropertyDecl: Storage_opt tPROPERTY tLET Identifier '(' ArgumentDeclList ')' StSep BodyStatements tEND tPROPERTY •

    $default  reduce using rule 177 (PropertyDecl)


State 402

  178 PropertyDecl: Storage_opt tPROPERTY tSET Identifier '(' ArgumentDeclList ')' StSep BodyStatements tEND tPROPERTY •

    $default  reduce using rule 178 (PropertyDecl)
